Motion,SSIM,Brightness
0.0,1.0,107.17
0.0971,1.0,108.62
0.0992,1.0,107.89
0.0783,0.8958,109.14
0.0603,0.8958,109.18
0.0556,0.8958,108.95
0.048,0.8958,108.86
0.0449,0.8958,108.83
0.0853,0.8958,108.22
0.3134,0.6859,88.42
0.407,0.6859,111.56
0.4377,0.6859,140.01
0.397,0.6859,105.74
0.3698,0.6859,108.26
0.3815,0.6859,106.53
0.3644,0.6609,121.34
0.3656,0.6609,118.68
0.2245,0.6609,90.19
0.3975,0.6609,127.34
0.3842,0.6609,109.52
0.3095,0.6609,96.94
0.447,0.7445,135.54
0.428,0.7445,113.56
0.1887,0.7445,115.64
0.1134,0.7445,115.8
0.0515,0.7445,115.8
0.0144,0.7445,115.82
0.0167,0.6923,115.82
0.0182,0.6923,115.78
0.1853,0.6923,112.44
0.3488,0.6923,10.76
0.0,0.6923,44.27
0.008,0.6923,44.65
0.005,0.5153,42.51
0.0047,0.5153,35.57
0.0037,0.5153,36.1
0.0049,0.5153,36.74
0.0036,0.5153,37.05
0.0053,0.5153,37.37
0.0042,0.8842,37.89
0.0048,0.8842,37.84
0.0056,0.8842,38.36
0.0058,0.8842,38.31
0.0033,0.8842,35.09
0.0035,0.8842,36.33
0.0046,0.8912,36.78
0.2931,0.8912,224.86
0.3629,0.8912,219.02
0.3994,0.8912,186.61
0.4021,0.8912,19.96
0.0005,0.8912,41.0
0.0043,0.8798,42.2
0.0046,0.8798,39.57
0.0058,0.8798,39.52
0.003,0.8798,39.58
0.0047,0.8798,40.53
0.0056,0.8798,40.55
0.0046,0.8896,43.85
0.0033,0.8896,43.76
0.259,0.8896,225.58
0.3348,0.8896,232.13
0.2209,0.8896,224.63
0.2334,0.8896,174.34
0.198,0.5303,114.24
0.0339,0.5303,114.14
0.0256,0.5303,114.15
0.0675,0.5303,114.1
0.0666,0.5303,113.73
0.0486,0.5303,113.51
0.0671,0.9061,113.5
0.1032,0.9061,113.64
0.0274,0.9061,113.61
0.0564,0.9061,113.59
0.0249,0.9061,113.6
0.0258,0.9061,113.61
0.0568,0.9101,113.61
0.0352,0.9101,113.59
0.0883,0.9101,113.62
0.0182,0.9101,113.61
0.0293,0.9101,113.58
0.0142,0.9101,113.59
0.0156,0.9215,113.56
0.1025,0.9215,113.58
0.0419,0.9215,113.7
0.0358,0.9215,113.65
0.0504,0.9215,113.98
0.0433,0.9215,114.02
0.0323,0.905,114.09
0.0307,0.905,114.14
0.0596,0.905,114.23
0.0544,0.905,114.16
0.0296,0.905,114.16
0.039,0.905,114.2
0.0336,0.9331,114.17
0.0196,0.9331,114.15
0.0349,0.9331,114.2
0.0245,0.9331,114.23
0.0264,0.9331,114.19
0.0215,0.9331,114.21
0.0373,0.9298,114.26
0.0539,0.9298,114.09
0.0282,0.9298,114.15
0.0372,0.9298,114.18
0.0215,0.9298,114.14
0.0348,0.9298,114.15
0.0683,0.9259,114.03
0.0522,0.9259,113.99
0.0254,0.9259,114.0
0.031,0.9259,113.98
0.2143,0.9259,109.65
0.3842,0.9259,9.59
0.0,0.4896,37.52
0.0045,0.4896,36.07
0.0021,0.4896,34.14
0.0017,0.4896,32.5
0.0025,0.4896,33.03
0.0047,0.4896,33.86
0.0022,0.8914,33.61
0.004,0.8914,34.27
0.0754,0.8914,220.65
0.1949,0.8914,228.29
0.3531,0.8914,226.63
0.4003,0.8914,220.0
0.4661,0.2787,183.97
0.4059,0.2787,114.46
0.224,0.2787,113.17
0.2079,0.2787,112.82
0.1881,0.2787,112.97
0.1892,0.2787,113.0
0.1803,0.6542,113.13
0.1319,0.6542,113.08
0.2057,0.6542,124.87
0.1916,0.6542,113.26
0.1645,0.6542,113.12
0.0861,0.6542,113.01
0.1922,0.8522,112.96
0.1906,0.8522,112.89
0.1134,0.8522,112.81
0.179,0.8522,112.95
0.1664,0.8522,113.12
0.1914,0.8522,112.98
0.1822,0.9074,113.01
0.1917,0.9074,113.01
0.0943,0.9074,113.1
0.1976,0.9074,113.05
0.1817,0.9074,112.91
0.1647,0.9074,112.89
0.1884,0.9128,112.93
0.1966,0.9128,112.9
0.1863,0.9128,112.95
0.0863,0.9128,112.99
0.4255,0.9128,91.82
0.6663,0.9128,123.93
0.8352,0.5313,130.49
0.7537,0.5313,129.86
0.6211,0.5313,130.05
0.5489,0.5313,129.67
0.5909,0.5313,130.18
0.5718,0.5313,130.57
0.5867,0.6022,130.27
0.6242,0.6022,129.51
0.5912,0.6022,129.53
0.571,0.6022,129.9
0.6134,0.6022,130.11
0.588,0.6022,130.2
0.5846,0.6446,130.11
0.5522,0.6446,129.62
0.6282,0.6446,129.55
0.6161,0.6446,129.35
0.7524,0.6446,122.54
0.6285,0.6446,130.35
0.7608,0.5626,140.95
0.6591,0.5626,224.52
0.2665,0.5626,185.95
0.2431,0.5626,118.14
0.1363,0.5626,111.99
0.0795,0.5626,111.95
0.0557,0.5284,111.82
0.1214,0.5284,111.47
0.1156,0.5284,111.16
0.0398,0.5284,111.09
0.1085,0.5284,111.55
0.0324,0.5284,111.61
0.1161,0.8877,111.17
0.1135,0.8877,110.99
0.0957,0.8877,111.04
0.0826,0.8877,110.99
0.0852,0.8877,111.19
0.0631,0.8877,111.19
0.0882,0.9107,111.16
0.0238,0.9107,111.11
0.0355,0.9107,111.06
0.0489,0.9107,111.16
0.0397,0.9107,111.11
0.0559,0.9107,111.08
0.0816,0.9325,111.16
0.0356,0.9325,111.12
0.0236,0.9325,111.12
0.0184,0.9325,111.09
0.0259,0.9325,111.1
0.0279,0.9325,111.13
0.0247,0.9235,111.15
0.0258,0.9235,111.12
0.0358,0.9235,111.16
0.0209,0.9235,111.15
0.0238,0.9235,111.14
0.0676,0.9235,111.11
0.05,0.9356,111.15
0.0254,0.9356,111.14
0.1214,0.9356,111.61
0.1235,0.9356,112.08
0.7365,0.9356,105.37
0.7732,0.9356,127.48
0.6247,0.569,126.69
0.5993,0.569,126.45
0.5482,0.569,127.48
0.54,0.569,127.73
0.5392,0.569,128.27
0.5245,0.569,129.21
0.5726,0.6231,129.36
0.5659,0.6231,129.52
0.541,0.6231,129.32
0.5445,0.6231,128.99
0.5587,0.6231,129.82
0.5846,0.6231,131.99
0.6586,0.6096,136.77
0.7364,0.6096,137.28
0.8094,0.6096,165.66
0.5443,0.6096,113.01
0.3822,0.6096,98.74
0.5135,0.6096,121.81
0.6294,0.4849,128.4
0.0,1.0,179.53
0.3373,1.0,127.5
0.1949,1.0,109.29
0.0799,1.0,109.24
0.0612,1.0,109.15
0.025,0.8575,109.16
0.0515,0.8575,109.28
0.032,0.8575,109.24
0.0601,0.8575,109.19
0.0622,0.8575,109.15
0.0311,0.8575,109.21
0.0624,0.9293,109.47
0.0567,0.9293,109.48
0.0196,0.9293,109.49
0.0171,0.9293,109.47
0.0168,0.9293,109.44
0.0386,0.9293,109.38
0.0144,0.9211,109.29
0.0473,0.9211,109.31
0.0315,0.9211,109.32
0.0174,0.9211,109.34
0.0156,0.9211,109.35
0.0239,0.9211,109.36
0.0228,0.9301,109.34
0.0169,0.9301,109.38
0.0184,0.9301,109.39
0.0153,0.9301,109.4
0.0293,0.9301,109.38
0.0608,0.9301,109.35
0.034,0.9331,109.37
0.0215,0.9331,109.41
0.0128,0.9331,109.4
0.0285,0.9331,109.33
0.0371,0.9331,109.33
0.0154,0.9331,109.34
0.0468,0.9329,109.3
0.0218,0.9329,109.33
0.0274,0.9329,109.37
0.0425,0.9329,109.32
0.056,0.9329,109.29
0.0349,0.9329,109.32
0.0213,0.9305,109.34
0.0191,0.9305,109.34
0.0238,0.9305,109.37
0.0538,0.9305,109.39
0.0468,0.9305,109.38
0.0224,0.9305,109.39
0.0194,0.9292,109.36
0.0515,0.9292,109.33
0.0279,0.9292,109.37
0.0236,0.9292,109.4
0.0219,0.9292,109.44
0.0201,0.9292,109.37
0.0316,0.9276,109.36
0.0216,0.9276,109.38
0.0171,0.9276,109.33
0.0408,0.9276,109.27
0.0732,0.9276,109.4
0.0613,0.9276,109.39
0.0259,0.9305,109.34
0.0312,0.9305,109.32
0.0205,0.9305,109.34
0.0167,0.9305,109.33
0.0133,0.9305,109.34
0.0158,0.9305,109.33
0.0645,0.9211,109.29
0.0887,0.9211,109.44
0.0231,0.9211,109.44
0.0211,0.9211,109.43
0.0479,0.9211,109.36
0.0216,0.9211,109.35
0.021,0.9256,109.36
0.0495,0.9256,109.32
0.0279,0.9256,109.3
0.083,0.9256,109.21
0.0491,0.9256,109.19
0.0219,0.9256,109.22
0.0445,0.9166,109.1
0.0394,0.9166,109.22
0.0377,0.9166,109.34
0.0222,0.9166,109.34
0.0203,0.9166,109.34
0.0592,0.9166,109.29
0.0239,0.9288,109.31
0.0268,0.9288,109.32
0.0135,0.9288,109.35
0.0492,0.9288,109.3
0.0258,0.9288,109.3
0.0846,0.9288,109.3
0.0642,0.9211,109.41
0.0828,0.9211,109.96
0.0245,0.9211,109.93
0.022,0.9211,109.96
0.0445,0.9211,109.89
0.0648,0.9211,109.86
0.0477,0.9203,109.8
0.02,0.9203,109.77
0.0262,0.9203,109.74
0.0332,0.9203,109.7
0.0761,0.9203,109.39
0.0433,0.9203,109.43
0.032,0.9229,109.46
0.0191,0.9229,109.46
0.0992,0.9229,109.29
0.6978,0.9229,116.47
0.8517,0.9229,124.66
0.7192,0.9229,120.52
0.7299,0.5446,130.66
0.6423,0.5446,131.44
0.6618,0.5446,132.19
0.6817,0.5446,132.47
0.6689,0.5446,131.45
0.6733,0.5446,131.24
0.6001,0.6107,130.94
0.8184,0.6107,126.99
0.8795,0.6107,127.3
0.6864,0.6107,123.4
0.6242,0.6107,123.82
0.6259,0.6107,123.14
0.5815,0.5343,126.86
0.5785,0.5343,126.78
0.567,0.5343,127.06
0.7601,0.5343,125.26
0.589,0.5343,124.32
0.6123,0.5343,125.99
0.6715,0.5514,129.46
0.6204,0.5514,129.12
0.8447,0.5514,120.74
0.6314,0.5514,120.47
0.6923,0.5514,125.38
0.7102,0.5514,127.61
0.7142,0.5176,123.02
0.6949,0.5176,120.65
0.7421,0.5176,120.65
0.7415,0.5176,119.55
0.6528,0.5176,121.99
0.7419,0.5176,125.64
0.7439,0.6775,123.74
0.7476,0.6775,121.71
0.7554,0.6775,127.84
0.7328,0.6775,123.59
0.7599,0.6775,119.27
0.8802,0.6775,123.52
0.8639,0.4838,128.88
0.7442,0.4838,125.31
0.7868,0.4838,123.83
0.7395,0.4838,122.85
0.7656,0.4838,121.85
0.7993,0.4838,122.15
0.745,0.5469,123.04
0.785,0.5469,123.25
0.7871,0.5469,124.83
0.7416,0.5469,124.8
0.7509,0.5469,123.88
0.7394,0.5469,123.03
0.7542,0.5298,123.23
0.7396,0.5298,123.0
0.7473,0.5298,123.14
0.7496,0.5298,126.89
0.792,0.5298,126.52
0.759,0.5298,126.89
0.7689,0.4408,126.68
0.8001,0.4408,126.69
0.7818,0.4408,126.62
0.7512,0.4408,125.75
0.7664,0.4408,125.98
0.7896,0.4408,126.35
0.7581,0.5338,126.15
0.4616,0.5338,126.34
0.8013,0.5338,125.97
0.7817,0.5338,125.72
0.7713,0.5338,124.18
0.8055,0.5338,122.45
0.7944,0.5821,124.38
0.7821,0.5821,125.03
0.7425,0.5821,125.12
0.7943,0.5821,124.85
0.6637,0.5821,125.12
0.7864,0.5821,125.7
0.8135,0.4917,126.98
0.8343,0.4917,131.01
0.7675,0.4917,162.18
0.4955,0.4917,181.64
0.3766,0.4917,130.12
0.1536,0.4917,106.17
0.0493,0.4894,106.18
0.0168,0.4894,106.15
0.0999,0.4894,105.99
0.1003,0.4894,106.07
0.0373,0.4894,106.11
0.1063,0.4894,106.01
0.022,0.9071,106.02
0.1032,0.9071,106.11
0.1123,0.9071,105.98
0.0356,0.9071,105.97
0.117,0.9071,106.07
0.1367,0.9071,105.55
0.1248,0.8798,105.33
0.1126,0.8798,105.46
0.1199,0.8798,105.29
0.052,0.8798,121.08
0.1136,0.8798,121.25
0.1328,0.8798,105.31
0.0847,0.9123,116.65
0.2172,0.9123,145.33
0.1615,0.9123,146.53
0.2496,0.9123,106.06
0.1819,0.9123,105.88
0.2226,0.9123,105.07
0.2021,0.8335,105.41
0.1398,0.8335,105.77
0.1277,0.8335,105.58
0.1144,0.8335,105.51
0.061,0.8335,105.45
0.1212,0.8335,105.24
0.1181,0.8781,105.22
0.0578,0.8781,105.26
0.0838,0.8781,105.16
0.1022,0.8781,105.28
0.0929,0.8781,105.35
0.0148,0.8781,105.38
0.1228,0.9267,105.16
0.0728,0.9267,105.27
0.0333,0.9267,105.27
0.1174,0.9267,105.02
0.0951,0.9267,105.15
0.1047,0.9267,105.28
0.1187,0.9009,105.03
0.1119,0.9009,105.2
0.0652,0.9009,105.27
0.1215,0.9009,104.93
0.0407,0.9009,105.03
0.0914,0.9009,105.13
0.1152,0.8974,104.96
0.0791,0.8974,104.91
0.1073,0.8974,105.0
0.0864,0.8974,104.95
0.0504,0.8974,104.92
0.1073,0.8974,105.03
0.0332,0.9324,104.98
0.1166,0.9324,104.82
0.1118,0.9324,104.94
0.0294,0.9324,105.0
0.1168,0.9324,104.84
0.1041,0.9324,104.82
0.1006,0.9015,104.91
0.1123,0.9015,104.73
0.1007,0.9015,104.84
0.0764,0.9015,104.89
0.0467,0.9015,104.81
0.051,0.9015,104.88
0.0853,0.9255,104.93
0.1133,0.9255,104.84
0.0155,0.9255,104.84
0.1074,0.9255,104.95
0.1208,0.9255,104.76
0.0597,0.9255,104.78
0.1129,0.935,104.96
0.1443,0.935,105.53
0.6144,0.935,110.12
0.8289,0.935,112.45
0.8068,0.935,129.91
0.5866,0.935,131.53
0.6687,0.5159,131.88
0.5168,0.5159,132.14
0.6258,0.5159,131.45
0.6394,0.5159,130.75
0.5958,0.5159,130.64
0.6348,0.5159,130.41
0.6133,0.5492,129.81
0.6555,0.5492,128.34
0.5903,0.5492,127.68
0.7133,0.5492,127.43
0.5917,0.5492,128.06
0.5524,0.5492,129.1
0.5756,0.5513,131.62
0.7818,0.5513,141.02
0.5066,0.5513,130.42
0.0693,0.5513,134.19
0.0758,0.5513,129.56
0.1392,0.5513,136.86
0.1748,0.6661,130.65
0.2711,0.6661,125.86
0.4058,0.6661,125.14
0.7229,0.6661,123.12
0.8851,0.6661,122.13
0.7931,0.6661,140.18
0.7131,0.6666,140.31
0.624,0.6666,140.22
0.6417,0.6666,140.0
0.5201,0.6666,26.43
0.0005,0.6666,52.91
0.0089,0.6666,53.06
0.0101,0.4882,51.56
0.0077,0.4882,53.5
0.009,0.4882,55.02
0.0072,0.4882,57.39
0.0097,0.4882,61.5
0.0082,0.4882,65.2
0.0051,0.8504,69.33
0.4048,0.8504,171.99
0.475,0.8504,156.13
0.4731,0.8504,22.03
0.0004,0.8504,37.11
0.0005,0.8504,37.63
0.0006,0.7535,38.08
0.0007,0.7535,38.66
0.0,0.7535,38.93
0.3586,0.7535,169.68
0.4296,0.7535,153.56
0.4486,0.7535,218.81
0.2346,0.9026,40.09
0.0004,0.9026,43.37
0.1368,0.9026,198.38
0.3944,0.9026,161.73
0.4702,0.9026,42.74
0.0068,0.9026,61.69
0.0,0.3268,225.8
0.3015,0.3268,165.05
0.4827,0.3268,149.23
0.4218,0.3268,128.19
0.4127,0.3268,36.58
0.0053,0.3268,35.75
0.2363,0.7998,179.62
0.4535,0.7998,148.9
0.5568,0.7998,190.46
0.3139,0.7998,204.69
0.359,0.7998,148.98
0.5164,0.7998,120.11
0.5045,0.6879,155.47
0.4024,0.6879,155.5
0.4853,0.6879,123.25
0.5324,0.6879,175.07
0.5692,0.6879,130.63
0.5612,0.6879,172.85
0.4372,0.6935,152.32
0.4761,0.6935,133.69
0.5422,0.6935,137.38
0.5645,0.6935,137.21
0.0,1.0,78.99
0.0603,1.0,79.35
0.0612,1.0,79.47
0.0534,1.0,79.46
0.0439,1.0,79.5
0.0,1.0,81.66
0.0542,1.0,82.07
0.0323,0.9761,81.99
0.0438,0.9737,81.98
0.0337,0.9757,82.07
0.0246,1.0,82.0
0.0221,0.9772,81.99
0.0245,0.9763,81.96
0.0615,0.9645,81.87
0.0338,0.9606,81.85
0.0626,0.9605,82.0
0.0119,1.0,82.02
0.0129,0.9782,82.04
0.0145,0.9774,82.05
0.0352,0.9762,82.08
0.0138,0.978,82.08
0.0124,0.978,82.07
0.019,1.0,82.07
0.0119,0.9784,82.05
0.0138,0.9785,82.07
0.0135,0.9787,82.1
0.0192,0.9768,82.03
0.0159,0.9779,82.03
0.0336,1.0,82.29
0.0691,0.9392,82.57
0.0622,0.9334,82.29
0.0701,0.9521,82.44
0.0472,0.9499,82.62
0.0574,0.9494,82.51
0.0441,1.0,82.24
0.0591,0.9631,82.14
0.0916,0.878,78.32
0.2587,0.559,37.53
0.283,0.7822,70.0
0.223,0.6599,56.79
0.2419,0.5923,42.01
0.2916,0.5618,68.92
0.2876,0.7694,33.7
0.3002,0.5517,69.53
0.2452,0.606,56.44
0.225,0.7871,35.43
0.2775,0.5457,70.3
0.266,0.507,38.45
0.2469,0.7971,60.29
0.2216,0.8696,72.38
0.3058,0.4297,33.6
0.2562,0.817,63.8
0.2198,0.8635,73.12
0.2915,0.4803,36.66
0.2778,0.7592,60.88
0.2191,0.809,65.96
0.2893,0.5284,39.71
0.2981,0.8386,69.47
0.2586,0.6616,52.7
0.2385,0.7916,44.61
0.2775,0.6382,78.81
0.122,0.6272,81.52
0.0764,0.6286,81.76
0.046,0.6276,81.68
0.0806,0.6278,81.47
0.0568,0.9697,81.6
0.0707,0.9598,81.84
0.0725,0.9602,81.86
0.042,0.9628,81.82
0.0514,0.9713,81.88
0.0416,1.0,81.9
0.0708,0.9605,82.12
0.0674,0.9538,81.49
0.0456,0.9579,81.77
0.0738,0.9646,81.96
0.0563,0.9568,82.03
0.0696,0.9666,81.87
0.0491,0.9648,81.51
0.0719,0.9562,81.64
0.0933,0.9432,82.07
0.0588,0.9477,82.11
0.0499,0.9505,82.12
0.0785,0.9267,81.51
0.2519,0.5732,35.82
0.1864,0.4489,22.23
0.1068,0.4238,17.97
0.0683,0.4256,18.35
0.0724,0.4334,19.48
0.0872,0.4368,19.86
0.099,0.915,20.37
0.1005,0.8874,20.57
0.0919,0.8591,20.17
0.0996,0.8348,20.45
0.0839,0.8429,20.6
0.1035,0.8418,20.84
0.1088,0.8368,21.8
0.1158,0.8554,21.49
0.1214,0.8579,21.05
0.1105,0.8589,20.98
0.1025,0.8197,20.09
0.1288,0.7026,18.54
0.2341,0.6465,44.68
0.293,0.5568,62.13
0.1884,0.5744,59.71
0.1464,0.5782,59.11
0.118,0.5785,58.94
0.0845,0.5787,58.77
0.1564,0.9451,58.99
0.1621,0.9008,59.56
0.1358,0.8773,59.92
0.1616,0.8714,60.0
0.195,0.4108,5.65
0.0,0.4274,6.09
0.0,0.9887,5.67
0.0,0.9903,5.81
0.0,0.9905,5.97
0.0,0.991,6.21
0.0,0.9926,6.31
0.0,1.0,6.36
0.0,0.9872,5.77
0.0,0.9891,6.2
0.0,0.9672,4.91
0.0,0.9494,6.71
0.0,0.9481,6.74
0.0,0.9481,6.74
0.0,0.9937,6.85
0.0,0.9937,6.75
0.0,0.9579,8.75
0.0662,0.7887,23.22
0.1004,0.7916,22.6
0.1444,0.821,19.38
0.1096,0.9339,19.82
0.1409,0.899,15.83
0.1181,0.9043,17.87
0.1922,0.5103,71.39
0.0718,0.3774,81.76
0.038,0.3783,81.98
0.0321,0.9636,81.56
0.0281,0.9721,81.55
0.0309,0.9742,81.67
0.0148,0.9787,81.66
0.0327,0.9731,81.58
0.0442,1.0,81.36
0.0478,0.9632,80.98
0.0384,0.9651,80.94
0.048,0.9272,78.59
0.1559,0.4799,27.54
0.0957,0.2926,8.13
0.0692,0.2988,8.65
0.0888,0.9565,8.59
0.1562,0.3641,76.56
0.0301,0.2557,85.0
0.0072,0.2657,84.3
0.0157,0.2671,84.19
0.0123,0.267,84.19
0.012,0.9782,84.29
0.009,0.9695,83.46
0.0152,0.968,82.5
0.0164,0.9649,82.9
0.0129,0.9667,83.51
0.1695,0.9041,84.57
0.1664,0.7587,99.13
0.0861,0.7486,95.46
0.0575,0.7488,97.98
0.0213,0.7507,98.92
0.0138,0.7504,98.82
0.0073,0.7502,98.8
0.0144,0.9763,98.8
0.0094,0.9772,98.77
0.0169,0.9752,98.68
0.0184,0.9732,98.65
0.0158,0.9761,98.67
0.017,1.0,98.65
0.0153,0.9757,98.58
0.0008,0.978,98.57
0.0227,0.9617,97.63
0.0592,0.9196,97.75
0.1151,0.7869,91.41
0.1961,0.7715,86.63
0.0549,0.9401,85.61
0.0422,0.9422,85.76
0.0468,0.9263,84.69
0.0628,0.8793,81.47
0.1302,0.7494,71.05
0.2186,0.4361,28.72
0.1478,0.8534,30.41
0.1344,0.8363,33.38
0.0,1.0,88.01
0.0558,1.0,85.78
0.0189,1.0,87.77
0.0112,1.0,87.97
0.0142,1.0,87.78
0.0229,1.0,87.85
0.0171,0.9342,87.86
0.0132,0.9342,87.89
0.0104,0.9342,87.93
0.0076,0.9342,87.97
0.011,0.9342,87.96
0.0102,0.9342,87.97
0.0094,0.9343,88.01
0.0122,0.9343,88.0
0.0108,0.9343,87.92
0.0085,0.9343,87.86
0.0091,0.9343,87.88
0.0093,0.9343,87.87
0.0089,0.9349,87.88
0.0101,0.9349,87.9
0.0104,0.9349,87.97
0.0089,0.9349,87.94
0.0105,0.9349,87.91
0.01,0.9349,87.92
0.012,0.9353,87.94
0.0099,0.9353,87.99
0.0099,0.9353,87.95
0.0105,0.9353,87.87
0.0071,0.9353,87.82
0.0153,0.9353,87.74
0.01,0.9349,87.88
0.0151,0.9349,83.07
0.1469,0.9349,34.96
0.0937,0.9349,38.82
0.207,0.9349,75.87
0.2099,0.9349,38.85
0.1341,0.4838,33.71
0.2069,0.4838,74.55
0.2241,0.4838,41.95
0.1554,0.4838,39.8
0.2102,0.4838,72.42
0.1863,0.4838,61.13
0.2641,0.5134,40.55
0.1857,0.5134,17.5
0.1061,0.5134,10.88
0.0836,0.5134,11.76
0.0785,0.5134,12.05
0.0482,0.5134,12.22
0.0808,0.2927,12.41
0.0756,0.2927,12.61
0.0979,0.2927,11.91
0.0831,0.2927,12.21
0.0866,0.2927,12.7
0.0875,0.2927,12.99
0.0752,0.2952,12.74
0.0592,0.2952,13.01
0.0296,0.2952,13.13
0.0841,0.2952,13.04
0.0871,0.2952,13.52
0.11,0.2952,14.9
0.129,0.346,18.48
0.1188,0.346,16.27
0.0878,0.346,17.77
0.1015,0.346,21.85
0.1792,0.346,74.08
0.0738,0.346,81.49
0.0488,0.9308,84.14
0.0544,0.9308,83.78
0.0416,0.9308,83.91
0.0374,0.9308,84.4
0.0366,0.9308,84.4
0.0362,0.9308,85.06
0.0209,0.9398,85.03
0.0404,0.9398,84.52
0.0407,0.9398,83.87
0.0397,0.9398,84.08
0.0392,0.9398,84.85
0.0277,0.9398,85.01
0.038,0.9378,84.54
0.1206,0.9378,4.28
0.0,0.9378,4.44
0.0,0.9378,4.57
0.0,0.9378,4.58
0.0,0.9378,4.67
0.0,0.1668,4.7
0.0,0.1668,4.66
0.0,0.1668,4.64
0.0,0.1668,4.59
0.0836,0.1668,35.88
0.1567,0.1668,37.68
0.1669,0.4683,35.26
0.1259,0.4683,34.73
0.1362,0.4683,33.18
0.1164,0.4683,32.14
0.114,0.4683,32.15
0.1165,0.4683,33.0
0.1054,0.4568,34.19
0.1563,0.4568,35.86
0.1829,0.4568,39.38
0.1628,0.4568,36.45
0.1742,0.4568,34.48
0.1196,0.4631,34.38
0.1307,0.4631,34.36
0.0787,0.4631,34.21
0.0819,0.4631,34.13
0.0727,0.4631,34.36
0.1026,0.4631,34.81
0.0844,0.4683,34.83
0.1144,0.4683,34.28
0.0691,0.4683,34.16
0.0123,0.4683,34.19
0.1194,0.4683,34.05
0.1098,0.4683,34.31
0.0476,0.4645,34.4
0.1011,0.4645,35.71
0.1317,0.4645,36.03
0.1944,0.4645,59.19
0.1413,0.4645,87.79
0.0443,0.4645,82.8
0.28,0.5692,44.17
0.2473,0.5692,34.47
0.1352,0.5692,26.7
0.0887,0.5692,25.83
0.0922,0.5692,23.79
0.1135,0.5692,24.2
0.0922,0.4277,20.64
0.0732,0.4277,17.42
0.0559,0.4277,25.47
0.2316,0.4277,56.81
0.3257,0.4277,49.9
0.2828,0.4277,52.43
0.3394,0.5973,48.69
0.2564,0.5973,48.3
0.2545,0.5973,48.48
0.2988,0.5973,48.12
0.1887,0.5973,48.36
0.1482,0.5973,48.41
0.2737,0.5926,48.22
0.2666,0.5926,48.28
0.281,0.5926,46.47
0.2625,0.5926,46.39
0.232,0.5926,79.21
0.1201,0.5926,78.68
0.0955,0.7519,78.58
0.0861,0.7519,78.26
0.0922,0.7519,78.78
0.1022,0.7519,78.92
0.1062,0.7519,79.42
0.0942,0.7519,80.27
0.1421,0.7965,84.85
0.1396,0.7965,87.58
0.0896,0.7965,83.68
0.0781,0.7965,82.15
0.0977,0.7965,82.1
0.0978,0.7965,82.82
0.1249,0.8267,87.4
0.116,0.8267,90.78
0.0951,0.8267,90.82
0.0995,0.8267,90.75
0.1005,0.8267,90.75
0.0958,0.8267,90.75
0.0942,0.839,90.75
0.0757,0.839,90.76
0.0358,0.839,90.69
0.072,0.839,90.76
0.0863,0.839,90.71
0.0741,0.839,90.58
0.0945,0.8405,90.62
0.0258,0.8405,90.7
0.0831,0.8405,90.67
0.0922,0.8405,90.62
0.0924,0.8405,90.59
0.0423,0.8405,90.63
0.0828,0.8435,90.62
0.081,0.8435,90.56
0.0116,0.8435,90.58
0.026,0.8435,90.56
0.0604,0.8435,90.58
0.0515,0.8435,90.65
0.083,0.8443,90.57
0.0538,0.8443,90.59
0.0317,0.8443,90.64
0.0437,0.8443,90.6
0.0677,0.8443,90.61
0.0484,0.8443,90.64
0.0096,0.8454,90.65
0.0603,0.8454,90.65
0.0139,0.8454,90.66
0.0123,0.8454,90.66
0.0451,0.8454,90.63
0.0781,0.8454,90.64
0.0506,0.8464,90.61
0.0402,0.8464,90.59
0.0562,0.8464,90.6
0.0155,0.8464,90.61
0.0539,0.8464,90.59
0.0361,0.8464,90.57
0.0093,0.8476,90.54
0.0786,0.8476,90.03
0.0654,0.8476,87.03
0.0386,0.8476,87.62
0.0357,0.8476,87.61
0.0496,0.8476,87.23
0.066,0.8193,87.11
0.0851,0.8193,87.1
0.0946,0.8193,87.08
0.3056,0.8193,56.71
0.3146,0.8193,53.13
0.3321,0.8193,50.74
0.3173,0.6114,49.29
0.2105,0.6114,48.5
0.3028,0.6114,48.2
0.3049,0.6114,47.83
0.269,0.6114,47.3
0.264,0.6114,46.97
0.2609,0.5991,46.42
0.2413,0.5991,34.62
0.1608,0.5991,28.87
0.1435,0.5991,26.57
0.103,0.5991,25.34
0.109,0.5991,25.84
0.0977,0.4721,26.41
0.1049,0.4721,26.11
0.0722,0.4721,26.05
0.0964,0.4721,26.18
0.1186,0.4721,26.26
0.107,0.4721,26.63
0.1023,0.4682,26.54
0.1057,0.4682,26.14
0.0953,0.4682,25.87
0.1097,0.4682,26.06
0.1158,0.4682,26.25
0.1151,0.4682,26.51
0.1013,0.472,26.54
0.1135,0.472,26.86
0.0909,0.472,26.5
0.0951,0.472,26.87
0.1051,0.472,27.87
0.1203,0.472,27.37
0.1095,0.4652,25.72
0.101,0.4652,25.78
0.0982,0.4652,26.15
0.1134,0.4652,26.91
0.1136,0.4652,27.62
0.1079,0.4652,28.51
0.254,0.762,79.19
0.1246,0.762,88.76
0.0327,0.762,88.92
0.0349,0.762,89.06
0.035,0.762,88.94
0.0287,0.762,88.97
0.0187,0.8699,88.93
0.0228,0.8699,88.98
0.0138,0.8699,89.08
0.02,0.8699,89.11
0.0378,0.8699,89.06
0.0086,0.8699,89.2
0.0546,0.8461,87.17
0.2096,0.8461,67.56
0.2232,0.8461,66.53
0.2318,0.8461,55.04
0.3417,0.8461,62.75
0.2406,0.8461,68.55
0.2277,0.7293,75.64
0.2703,0.7293,46.43
0.2568,0.7293,58.91
0.304,0.7293,82.7
0.3138,0.7293,51.77
0.1764,0.7293,50.42
0.2917,0.7853,83.47
0.2942,0.7853,58.68
0.2561,0.7853,40.16
0.2701,0.7853,78.1
0.2246,0.7853,75.82
0.29,0.7853,26.07
0.1869,0.755,76.75
0.3076,0.755,46.34
0.2114,0.755,70.67
0.1979,0.755,31.68
0.1839,0.755,61.75
0.1814,0.755,49.81
0.1812,0.4965,35.62
0.2482,0.4965,73.78
0.2875,0.4965,40.6
0.3202,0.4965,81.57
0.2886,0.4965,44.23
0.1175,0.4965,41.32
0.2044,0.7478,75.59
0.1807,0.7478,38.09
0.1804,0.7478,60.94
0.19,0.7478,44.25
0.1227,0.7478,37.88
0.1847,0.7478,63.27
0.3782,0.5855,47.83
0.2778,0.5855,49.35
0.2299,0.5855,25.86
0.0578,0.5855,25.21
0.048,0.5855,24.8
0.0548,0.5855,25.13
0.0582,0.4756,24.99
0.0777,0.4756,24.66
0.0318,0.4756,24.61
0.0724,0.4756,24.67
0.0677,0.4756,24.73
0.0478,0.4756,25.05
0.0815,0.4769,24.87
0.0862,0.4769,24.61
0.0429,0.4769,24.41
0.0593,0.4769,24.06
0.0691,0.4769,23.99
0.0272,0.4769,24.08
0.056,0.4763,23.89
0.0325,0.4763,23.91
0.0688,0.4763,23.76
0.0386,0.4763,24.65
0.1834,0.4763,62.21
0.209,0.4763,74.71
0.1158,0.7174,74.08
0.1248,0.7174,72.56
0.1076,0.7174,71.97
0.0999,0.7174,72.3
0.1102,0.7174,72.03
0.0749,0.7174,71.97
0.0254,0.7014,72.01
0.0151,0.7014,71.88
0.1012,0.7014,72.1
0.0584,0.7014,72.23
0.0483,0.7014,72.05
0.0695,0.7014,72.2
0.1015,0.7048,72.41
0.0561,0.7048,72.38
0.0764,0.7048,72.01
0.1153,0.7048,72.45
0.1092,0.7048,72.86
0.1169,0.7048,73.34
0.1098,0.7222,74.33
0.1105,0.7222,74.95
0.1308,0.7222,73.03
0.2142,0.7222,58.84
0.2149,0.7222,31.85
0.116,0.7222,28.23
0.0778,0.4984,28.42
0.0883,0.4984,27.68
0.1445,0.4984,27.56
0.1461,0.4984,27.84
0.1115,0.4984,28.22
0.1347,0.4984,28.62
0.1304,0.5056,28.71
0.1138,0.5056,28.7
0.1393,0.5056,28.85
0.1445,0.5056,29.5
0.1856,0.5056,32.82
0.212,0.5056,37.3
0.1665,0.4686,34.86
0.1682,0.4686,37.62
0.0,1.0,76.93
0.1305,1.0,88.19
0.028,1.0,89.71
0.0247,1.0,89.65
0.0111,1.0,89.68
0.0139,1.0,90.1
0.0112,0.8141,90.3
0.0134,0.8141,90.13
0.0125,0.8141,90.2
0.0081,0.8141,90.33
0.0109,0.8141,90.4
0.0121,0.8141,90.41
0.0103,0.8153,89.96
0.0091,0.8153,89.93
0.0125,0.8153,89.86
0.0156,0.8153,90.01
0.0162,0.8153,90.01
0.0101,0.8153,90.01
0.0144,0.8149,90.07
0.014,0.8149,90.31
0.0161,0.8149,90.31
0.0123,0.8149,90.35
0.0129,0.8149,90.11
0.0133,0.8149,90.15
0.0129,0.8148,90.15
0.0122,0.8148,90.15
0.0145,0.8148,90.18
0.0103,0.8148,90.18
0.0152,0.8148,89.98
0.0197,0.8148,89.74
0.024,0.8149,90.11
0.0143,0.8149,90.22
0.0141,0.8149,90.24
0.01,0.8149,90.3
0.0111,0.8149,90.31
0.0101,0.8149,90.3
0.0107,0.8144,90.35
0.0092,0.8144,90.37
0.0099,0.8144,90.36
0.0123,0.8144,90.39
0.0088,0.8144,90.39
0.0086,0.8144,90.38
0.012,0.8142,90.37
0.0142,0.8142,90.26
0.0472,0.8142,86.17
0.2286,0.8142,67.41
0.1935,0.8142,85.55
0.1841,0.8142,55.45
0.2357,0.8177,80.11
0.2726,0.8177,54.0
0.2255,0.8177,41.05
0.2698,0.8177,74.01
0.2653,0.8177,32.12
0.2469,0.8177,70.24
0.2386,0.5441,36.68
0.1996,0.5441,51.57
0.1655,0.5441,50.21
0.187,0.5441,25.91
0.2279,0.5441,65.88
0.1931,0.5441,34.59
0.145,0.6526,75.8
0.1852,0.6526,68.5
0.0,1.0,87.05
0.0353,1.0,90.17
0.0272,1.0,90.44
0.0337,1.0,90.67
0.0336,1.0,90.68
0.0114,1.0,90.69
0.0159,0.9329,90.7
0.0295,0.9329,90.75
0.0264,0.9329,90.8
0.0405,0.9329,90.52
0.0338,0.9329,90.42
0.0321,0.9329,90.42
0.0402,0.9332,90.65
0.0298,0.9332,90.63
0.0147,0.9332,90.66
0.0101,0.9332,90.66
0.0068,0.9332,90.7
0.0144,0.9332,90.73
0.0074,0.9336,90.69
0.0139,0.9336,90.69
0.0112,0.9336,90.7
0.038,0.9336,90.74
0.0574,0.9336,85.0
0.2037,0.9336,33.82
0.2141,0.7491,68.51
0.1508,0.7491,69.37
0.2311,0.7491,42.4
0.2404,0.7491,82.06
0.1952,0.7491,65.83
0.3142,0.7491,35.27
0.2185,0.8138,76.61
0.1932,0.8138,64.2
0.2603,0.8138,53.07
0.1812,0.8138,55.43
0.2062,0.8138,77.86
0.2056,0.8138,31.12
0.0968,0.5201,38.62
0.2497,0.5201,79.68
0.2339,0.5201,48.29
0.2489,0.5201,43.99
0.2234,0.5201,78.66
0.1556,0.5201,80.46
0.3657,0.4991,39.41
0.1793,0.4991,57.91
0.174,0.4991,80.47
0.2073,0.4991,33.72
0.0905,0.4991,37.89
0.2011,0.4991,81.41
0.135,0.8595,80.16
0.3252,0.8595,43.58
0.2011,0.8595,57.0
0.1871,0.8595,79.97
0.2078,0.8595,38.75
0.1109,0.8595,40.66
0.2271,0.8635,81.83
0.2174,0.8635,51.63
0.2862,0.8635,37.66
0.2118,0.8635,80.03
0.1222,0.8635,87.85
0.0755,0.8635,88.78
0.0489,0.9394,88.87
0.053,0.9394,88.81
0.0593,0.9394,88.66
0.0543,0.9394,88.59
0.0484,0.9394,88.61
0.0753,0.9394,89.12
0.0651,0.9452,88.53
0.0477,0.9452,84.29
0.1816,0.9452,32.73
0.1469,0.9452,36.6
0.145,0.9452,35.76
0.1528,0.9452,25.32
0.0654,0.4592,21.57
0.0376,0.4592,24.09
0.0642,0.4592,25.04
0.091,0.4592,25.46
0.0899,0.4592,25.57
0.0926,0.4592,26.04
0.0843,0.4922,26.04
0.0782,0.4922,25.41
0.0633,0.4922,24.03
0.0726,0.4922,22.76
0.0502,0.4922,22.84
0.056,0.4922,25.31
0.1027,0.4934,27.81
0.1062,0.4934,25.74
0.0832,0.4934,21.53
0.0408,0.4934,16.84
0.0425,0.4934,18.26
0.0461,0.4934,23.32
0.0601,0.4908,25.13
0.242,0.4908,57.33
0.3613,0.4908,84.77
0.1557,0.4908,89.14
0.2141,0.4908,58.94
0.2043,0.4908,30.69
0.2714,0.8555,81.07
0.2573,0.8555,58.1
0.2166,0.8555,43.15
0.2834,0.8555,77.3
0.2825,0.8555,42.93
0.2592,0.8555,81.69
0.2101,0.7738,72.67
0.2671,0.7738,41.02
0.3027,0.7738,80.56
0.2879,0.7738,47.73
0.1671,0.7738,41.33
0.2585,0.7738,79.6
0.2596,0.6635,57.91
0.1706,0.6635,57.91
0.2603,0.6635,85.04
0.2196,0.6635,68.31
0.2149,0.6635,71.61
0.2205,0.6635,87.52
0.2291,0.5371,33.78
0.1235,0.5371,24.79
0.0868,0.5371,14.56
0.0175,0.5371,14.19
0.0187,0.5371,14.29
0.0204,0.5371,14.45
0.0332,0.4175,18.87
0.1113,0.4175,26.03
0.2005,0.4175,56.18
0.2671,0.4175,66.71
0.1666,0.4175,5.17
0.0,0.4175,5.16
0.0,0.1646,4.78
0.0,0.1646,5.57
0.0,0.1646,5.5
0.1676,0.1646,64.07
0.2605,0.1646,54.14
0.2524,0.1646,26.13
0.1455,0.4012,24.93
0.1596,0.4012,26.84
0.1484,0.4012,28.37
0.1406,0.4012,28.54
0.087,0.4012,28.55
0.0677,0.4012,28.48
0.0732,0.4295,28.52
0.0825,0.4295,28.72
0.096,0.4295,28.61
0.086,0.4295,28.61
0.1382,0.4295,28.05
0.1275,0.4295,27.8
0.1347,0.4226,27.64
0.1399,0.4226,28.04
0.2899,0.4226,81.91
0.1374,0.4226,87.49
0.0601,0.4226,88.6
0.0232,0.4226,88.64
0.0142,0.9356,88.59
0.0188,0.9356,88.5
0.0308,0.9356,88.39
0.0127,0.9356,88.62
0.0268,0.9356,88.51
0.0123,0.9356,88.48
0.0605,0.9085,86.24
0.2416,0.9085,32.01
0.2296,0.9085,84.54
0.2401,0.9085,52.23
0.1608,0.9085,43.77
0.2366,0.9085,71.83
0.2831,0.4596,32.84
0.1858,0.4596,26.29
0.0,1.0,105.76
0.0304,1.0,106.35
0.0235,1.0,106.87
0.0245,1.0,106.92
0.0227,1.0,107.21
0.0218,0.9361,107.3
0.0314,0.9361,107.21
0.0704,0.9361,110.15
0.0202,0.9361,112.78
0.0278,0.9361,113.32
0.041,0.9361,111.48
0.0463,0.9218,113.58
0.0236,0.9218,113.7
0.0187,0.9218,113.75
0.009,0.9218,113.93
0.0121,0.9218,113.94
0.0149,0.9218,114.05
0.0139,0.9222,114.08
0.0106,0.9222,114.11
0.0116,0.9222,114.1
0.0227,0.9222,113.96
0.0211,0.9222,114.01
0.0066,0.9222,113.87
0.0101,0.9222,113.75
0.0083,0.9222,113.59
0.0125,0.9222,113.3
0.0086,0.9222,113.21
0.0149,0.9222,113.14
0.0102,0.9222,112.94
0.0107,0.922,112.77
0.0112,0.922,112.64
0.0225,0.922,111.69
0.2338,0.922,70.42
0.2919,0.922,158.72
0.4153,0.922,95.63
0.3646,0.6931,90.02
0.2524,0.6931,145.36
0.2331,0.6931,116.71
0.3955,0.6931,120.13
0.505,0.6931,152.59
0.4565,0.6931,150.35
0.5514,0.5391,91.33
0.5659,0.5391,128.28
0.6385,0.5391,145.08
0.7136,0.5391,102.1
0.6258,0.5391,135.33
0.4042,0.5391,174.97
0.3259,0.6305,134.48
0.4248,0.6305,107.14
0.4853,0.6305,130.64
0.4434,0.6305,142.82
0.5365,0.6305,122.16
0.467,0.6305,95.53
0.5781,0.6435,165.1
0.504,0.6435,140.27
0.584,0.6435,130.96
0.5941,0.6435,150.61
0.4466,0.6435,147.74
0.4742,0.6435,118.16
0.3936,0.5454,107.32
0.4598,0.5454,162.95
0.469,0.5454,122.32
0.4827,0.5454,109.57
0.5458,0.5454,154.57
0.3823,0.5454,136.0
0.4965,0.5476,143.44
0.4559,0.5476,146.74
0.483,0.5476,158.17
0.4657,0.5476,130.16
0.4414,0.5476,140.53
0.444,0.5476,173.37
0.3104,0.6777,124.82
0.5299,0.6777,113.9
0.5371,0.6777,168.3
0.3991,0.6777,159.29
0.5237,0.6777,104.92
0.3487,0.6777,129.55
0.1132,0.858,109.26
0.0373,0.858,108.9
0.0408,0.858,108.57
0.0212,0.858,108.38
0.0407,0.858,108.36
0.0409,0.858,108.75
0.0414,0.8552,107.55
0.0416,0.8552,107.01
0.0481,0.8552,106.03
0.0444,0.8552,106.34
0.0306,0.8552,106.17
0.016,0.8552,105.96
0.0506,0.854,106.08
0.0459,0.854,106.02
0.0405,0.854,105.55
0.0433,0.854,104.77
0.0362,0.854,104.57
0.0413,0.854,104.07
0.0553,0.8403,102.6
0.4874,0.8403,136.9
0.8087,0.8403,130.19
0.9866,0.8403,130.26
0.9797,0.8403,130.45
0.9898,0.8403,129.8
0.9239,0.4346,129.33
0.9866,0.4346,129.19
0.9893,0.4346,129.1
0.9886,0.4346,128.7
0.9841,0.4346,128.64
0.778,0.4346,128.19
0.9436,0.4347,128.44
0.9892,0.4347,127.95
0.9855,0.4347,127.82
0.9865,0.4347,127.1
0.9852,0.4347,126.62
0.991,0.4347,126.47
0.9876,0.4465,125.88
0.984,0.4465,125.79
0.9877,0.4465,125.86
0.9897,0.4465,125.73
0.9879,0.4465,125.62
0.99,0.4465,125.41
0.985,0.4413,125.17
0.9844,0.4413,125.29
0.9803,0.4413,125.59
0.9832,0.4413,126.24
0.9875,0.4413,126.47
0.9879,0.4413,126.91
0.9906,0.4372,126.85
0.9909,0.4372,126.77
0.9892,0.4372,126.43
0.9807,0.4372,125.81
0.9836,0.4372,117.03
0.6586,0.4372,105.97
0.2669,0.8237,110.0
0.0807,0.8237,110.36
0.1281,0.8237,105.93
0.2078,0.8237,98.65
0.2579,0.8237,31.37
0.0006,0.8237,82.1
0.0081,0.6671,68.03
0.0098,0.6671,89.76
0.0048,0.6671,83.85
0.0056,0.6671,89.52
0.0878,0.6671,211.48
0.2319,0.6671,212.23
0.2045,0.5991,206.99
0.2359,0.5991,172.21
0.275,0.5991,117.09
0.1006,0.5991,108.85
0.0842,0.5991,108.81
0.0835,0.5991,108.84
0.059,0.815,109.04
0.0411,0.815,109.41
0.0354,0.815,109.36
0.0379,0.815,109.72
0.0338,0.815,109.93
0.0137,0.815,110.0
0.0886,0.8126,109.21
0.0949,0.8126,108.25
0.2345,0.8126,91.7
0.2851,0.8126,40.31
0.0002,0.8126,89.52
0.0033,0.8126,87.41
0.0045,0.6901,90.14
0.0044,0.6901,89.81
0.0049,0.6901,91.87
0.0035,0.6901,91.13
0.0019,0.6901,92.19
0.0009,0.6901,91.18
0.0006,0.6905,86.17
0.411,0.6905,205.09
0.2673,0.6905,213.05
0.2431,0.6905,186.77
0.2397,0.6905,139.24
0.1913,0.6905,103.71
0.1142,0.7525,104.55
0.1198,0.7525,103.77
0.1199,0.7525,103.35
0.0671,0.7525,102.83
0.0956,0.7525,103.6
0.1187,0.7525,103.18
0.1238,0.7489,104.38
0.487,0.7489,123.03
0.8401,0.7489,130.69
0.9931,0.7489,130.89
0.9921,0.7489,130.62
0.9922,0.7489,130.71
0.9905,0.4259,130.64
0.9884,0.4259,129.61
0.9584,0.4259,129.59
0.9944,0.4259,130.05
0.9945,0.4259,130.33
0.996,0.4259,130.05
0.9949,0.4041,130.86
0.9942,0.4041,130.65
0.9964,0.4041,130.45
0.9938,0.4041,131.11
0.9943,0.4041,131.31
0.9937,0.4041,131.18
0.9851,0.3965,131.78
0.9977,0.3965,131.74
0.9739,0.3965,132.2
0.9967,0.3965,132.81
0.998,0.3965,133.06
0.8899,0.3965,132.61
0.9897,0.3971,133.18
0.9282,0.3971,133.29
0.9947,0.3971,130.57
0.8149,0.3971,77.97
0.4927,0.3971,105.95
0.1111,0.3971,106.47
0.1005,0.7699,106.31
0.1072,0.7699,106.03
0.1059,0.7699,105.5
0.107,0.7699,105.13
0.077,0.7699,105.52
0.085,0.7699,105.72
0.0557,0.7657,105.9
0.1109,0.7657,106.5
0.0845,0.7657,106.3
0.1807,0.7657,99.41
0.2641,0.7657,53.09
0.0015,0.7657,80.39
0.008,0.6784,79.26
0.0107,0.6784,81.51
0.0135,0.6784,81.81
0.0132,0.6784,84.78
0.007,0.6784,81.85
0.011,0.6784,81.28
0.0105,0.6262,184.29
0.1867,0.6262,141.54
0.5335,0.6262,149.83
0.7121,0.6262,109.37
0.0,1.0,178.58
0.2253,1.0,156.71
0.1166,1.0,119.1
0.0296,1.0,119.2
0.0346,1.0,119.26
0.0193,0.6892,119.48
0.0257,0.6892,119.74
0.0203,0.6892,120.01
0.0244,0.6892,120.26
0.0258,0.6892,120.44
0.0316,0.6892,120.53
0.0175,0.6919,120.72
0.0177,0.6919,120.99
0.0251,0.6919,121.28
0.0195,0.6919,121.63
0.0218,0.6919,121.93
0.0224,0.6919,122.18
0.0251,0.6953,122.36
0.0201,0.6953,122.66
0.0202,0.6953,122.91
0.0215,0.6953,123.17
0.0144,0.6953,123.51
0.0147,0.6953,123.76
0.0234,0.6991,124.06
0.0247,0.6991,124.3
0.0251,0.6991,124.71
0.0218,0.6991,124.92
0.0247,0.6991,125.13
0.0217,0.6991,125.3
0.0232,0.7023,125.75
0.0232,0.7023,125.82
0.0219,0.7023,126.0
0.0162,0.7023,126.24
0.0224,0.7023,126.45
0.0195,0.7023,126.66
0.0244,0.7045,126.88
0.0164,0.7045,127.13
0.0319,0.7045,117.71
0.0218,0.7045,117.85
0.0192,0.7045,118.1
0.0211,0.7045,118.28
0.0222,0.6854,118.42
0.0183,0.6854,118.46
0.0215,0.6854,118.67
0.0198,0.6854,118.85
0.0242,0.6854,118.89
0.0234,0.6854,119.03
0.0207,0.6883,119.18
0.0208,0.6883,119.44
0.0201,0.6883,119.52
0.0201,0.6883,119.5
0.0239,0.6883,119.54
0.0213,0.6883,119.67
0.0276,0.6905,119.65
0.0209,0.6905,119.68
0.0314,0.6905,118.13
0.1945,0.6905,62.83
0.2648,0.6905,155.57
0.4049,0.6905,92.54
0.5008,0.6367,111.22
0.5925,0.6367,160.58
0.4773,0.6367,112.57
0.3739,0.6367,126.43
0.4516,0.6367,155.8
0.5184,0.6367,112.41
0.4682,0.7029,119.71
0.4502,0.7029,155.82
0.3988,0.7029,136.17
0.5664,0.7029,97.85
0.5156,0.7029,153.65
0.4147,0.7029,132.05
0.4776,0.6812,120.33
0.4695,0.6812,115.94
0.5878,0.6812,150.17
0.5165,0.6812,87.85
0.4646,0.6812,92.01
0.4874,0.6812,149.0
0.4058,0.5465,110.26
0.4964,0.5465,123.13
0.6147,0.5465,140.25
0.4687,0.5465,129.19
0.6116,0.5465,92.78
0.541,0.5465,93.3
0.5684,0.63,142.89
0.477,0.63,90.74
0.4118,0.63,96.68
0.5484,0.63,159.87
0.5367,0.63,110.02
0.5279,0.63,112.89
0.5065,0.5825,129.82
0.4386,0.5825,154.94
0.477,0.5825,94.15
0.3731,0.5825,84.82
0.4635,0.5825,158.31
0.3907,0.5825,112.97
0.4895,0.6588,117.29
0.4925,0.6588,146.69
0.3615,0.6588,138.43
0.4239,0.6588,114.56
0.4245,0.6588,115.03
0.5282,0.6588,154.05
0.4957,0.5252,109.88
0.4712,0.5252,119.68
0.3963,0.5252,170.35
0.3708,0.5252,107.04
0.429,0.5252,138.58
0.3526,0.5252,164.03
0.4247,0.5658,151.13
0.6321,0.5658,99.19
0.6465,0.5658,115.33
0.5626,0.5658,137.02
0.5355,0.5658,115.99
0.427,0.5658,116.09
0.4745,0.6895,159.41
0.517,0.6895,101.73
0.4773,0.6895,126.6
0.3776,0.6895,169.48
0.3609,0.6895,132.93
0.4848,0.6895,124.65
0.4273,0.5884,147.82
0.4884,0.5884,144.5
0.602,0.5884,123.51
0.4372,0.5884,110.87
0.5403,0.5884,165.3
0.5353,0.5884,103.46
0.5,0.683,120.33
0.5033,0.683,156.1
0.4848,0.683,112.98
0.476,0.683,128.73
0.5531,0.683,150.98
0.5411,0.683,159.89
0.5181,0.712,130.17
0.4906,0.712,134.42
0.5228,0.712,136.17
0.4418,0.712,103.59
0.4942,0.712,105.79
0.5661,0.712,150.15
0.4549,0.5124,104.94
0.4891,0.5124,127.26
0.5469,0.5124,159.46
0.4952,0.5124,114.41
0.4787,0.5124,128.96
0.5512,0.5124,147.39
0.506,0.5735,129.57
0.4149,0.5735,125.14
0.2014,0.5735,126.55
0.0551,0.5735,118.14
0.0329,0.5735,118.17
0.0365,0.5735,118.8
0.0373,0.7153,119.05
0.0335,0.7153,119.25
0.0236,0.7153,119.22
0.0307,0.7153,119.46
0.0316,0.7153,119.67
0.0405,0.7153,119.22
0.0373,0.7165,119.31
0.0363,0.7165,119.38
0.0281,0.7165,119.49
0.0313,0.7165,119.71
0.0341,0.7165,120.04
0.031,0.7165,120.12
0.0285,0.7157,120.23
0.0225,0.7157,120.14
0.0331,0.7157,119.92
0.0194,0.7157,119.95
0.0336,0.7157,120.14
0.018,0.7157,120.12
0.0272,0.7151,120.1
0.0351,0.7151,119.83
0.022,0.7151,119.74
0.0326,0.7151,119.91
0.0242,0.7151,119.94
0.0259,0.7151,119.8
0.0232,0.7159,119.82
0.0224,0.7159,119.68
0.027,0.7159,119.87
0.0377,0.7159,119.41
0.0265,0.7159,119.25
0.0214,0.7159,119.26
0.0239,0.7171,119.4
0.0358,0.7171,119.57
0.0338,0.7171,119.81
0.0259,0.7171,119.73
0.0208,0.7171,119.68
0.0249,0.7171,119.78
0.024,0.7165,119.83
0.0219,0.7165,119.77
0.0244,0.7165,119.65
0.0259,0.7165,119.77
0.0215,0.7165,119.77
0.016,0.7165,119.79
0.0225,0.7171,119.66
0.0219,0.7171,119.54
0.0234,0.7171,119.59
0.0233,0.7171,119.56
0.0226,0.7171,119.5
0.0256,0.7171,119.43
0.0349,0.7184,119.09
0.0314,0.7184,119.21
0.0216,0.7184,119.17
0.0239,0.7184,119.07
0.0246,0.7184,118.86
0.0277,0.7184,118.8
0.0158,0.719,118.69
0.0319,0.719,118.7
0.0247,0.719,118.61
0.023,0.719,118.34
0.0301,0.719,118.09
0.0178,0.719,118.0
0.0228,0.7184,117.92
0.026,0.7184,117.71
0.0232,0.7184,117.59
0.0218,0.7184,117.4
0.0381,0.7184,117.0
0.02,0.7184,116.89
0.0294,0.7185,116.65
0.0237,0.7185,116.57
0.0251,0.7185,116.46
0.0211,0.7185,116.35
0.028,0.7185,116.15
0.0233,0.7185,116.05
0.019,0.717,115.92
0.0281,0.717,115.73
0.0386,0.717,115.15
0.0511,0.717,113.71
0.4017,0.717,127.1
0.7814,0.717,116.06
0.841,0.5213,129.41
0.9229,0.5213,128.23
0.9582,0.5213,127.43
0.984,0.5213,126.69
0.9908,0.5213,126.19
0.9871,0.5213,126.22
0.9858,0.4547,125.2
0.9853,0.4547,124.36
0.9882,0.4547,124.15
0.9739,0.4547,123.63
0.9784,0.4547,124.16
0.9678,0.4547,123.75
0.982,0.4485,124.57
0.9798,0.4485,123.58
0.965,0.4485,123.42
0.983,0.4485,121.65
0.9772,0.4485,122.11
0.9802,0.4485,121.79
0.9391,0.4537,122.32
0.9727,0.4537,121.64
0.9195,0.4537,120.9
0.9706,0.4537,120.0
0.9686,0.4537,120.37
0.9629,0.4537,120.52
0.9638,0.4486,120.14
0.9676,0.4486,127.43
0.9809,0.4486,127.33
0.9776,0.4486,126.74
0.9864,0.4486,126.05
0.9821,0.4486,125.7
0.9313,0.4468,125.31
0.9619,0.4468,124.45
0.979,0.4468,125.05
0.9256,0.4468,95.29
0.649,0.4468,115.24
0.2495,0.4468,112.58
0.1817,0.7027,115.86
0.0998,0.7027,108.25
0.0793,0.7027,108.37
0.0761,0.7027,108.73
0.0831,0.7027,109.62
0.0764,0.7027,110.26
0.0787,0.6828,109.49
0.0809,0.6828,109.15
0.0707,0.6828,109.32
0.0895,0.6828,109.26
0.0707,0.6828,109.33
0.0835,0.6828,109.46
0.0845,0.6817,110.09
0.0406,0.6817,110.21
0.06,0.6817,110.19
0.0496,0.6817,110.15
0.0334,0.6817,110.21
0.0842,0.6817,110.92
0.0241,0.6825,111.0
0.0639,0.6825,110.91
0.0225,0.6825,110.81
0.0704,0.6825,111.07
0.0701,0.6825,110.68
0.0752,0.6825,110.05
0.0845,0.6812,110.42
0.0801,0.6812,111.21
0.073,0.6812,111.9
0.0599,0.6812,111.52
0.0389,0.6812,111.47
0.0561,0.6812,111.61
0.0709,0.6812,111.33
0.0695,0.6812,110.96
0.0745,0.6812,111.2
0.07,0.6812,111.56
0.0673,0.6812,111.85
0.0652,0.6812,112.16
0.0459,0.6829,111.83
0.0745,0.6829,108.73
0.2316,0.6829,17.72
0.0009,0.6829,45.33
0.0097,0.6829,51.38
0.0129,0.6829,54.75
0.012,0.457,51.03
0.0099,0.457,42.6
0.0032,0.457,46.53
0.0099,0.457,45.74
0.0097,0.457,45.44
0.0067,0.457,45.53
0.0086,0.4198,45.5
0.0074,0.4198,45.55
0.0122,0.4198,46.96
0.0093,0.4198,46.31
0.0095,0.4198,45.8
0.0067,0.4198,44.68
0.0101,0.4055,43.53
0.0091,0.4055,43.47
0.0108,0.4055,44.11
0.0107,0.4055,44.32
0.0078,0.4055,43.96
0.0126,0.4055,44.17
0.0109,0.4119,44.31
0.0116,0.4119,44.53
0.0096,0.4119,44.08
0.0104,0.4119,43.67
0.0131,0.4119,44.51
0.0086,0.4119,44.78
0.0137,0.4192,45.58
0.1157,0.4192,157.62
0.3847,0.4192,159.62
0.687,0.4192,124.97
0.737,0.4192,125.2
0.0,1.0,247.59
0.1416,1.0,228.62
0.1461,1.0,170.17
0.0795,1.0,113.75
0.0028,1.0,113.62
0.0056,0.6445,113.48
0.0084,0.6445,113.53
0.0078,0.6445,113.48
0.0071,0.6445,113.52
0.005,0.6445,113.63
0.0096,0.6445,113.65
0.0108,0.6444,113.36
0.008,0.6444,113.36
0.0081,0.6444,113.29
0.0071,0.6444,113.24
0.0047,0.6444,113.22
0.0065,0.6444,112.88
0.0066,0.6429,112.95
0.0043,0.6429,112.84
0.003,0.6429,112.82
0.0047,0.6429,112.79
0.0066,0.6429,112.73
0.0059,0.6429,112.67
0.0078,0.6416,112.6
0.0075,0.6416,112.59
0.0059,0.6416,112.51
0.0095,0.6416,112.52
0.0069,0.6416,112.52
0.0073,0.6416,112.61
0.009,0.6418,112.63
0.0052,0.6418,112.6
0.0054,0.6418,112.62
0.0053,0.6418,112.58
0.009,0.6418,112.46
0.0063,0.6418,112.23
0.008,0.6406,112.29
0.0117,0.6406,112.2
0.0322,0.6406,101.97
0.2638,0.6406,186.32
0.2416,0.6406,108.87
0.4259,0.6406,169.27
0.377,0.453,89.78
0.5295,0.453,119.77
0.5301,0.453,153.63
0.4783,0.453,136.34
0.4767,0.453,148.05
0.3074,0.453,104.62
0.4162,0.7833,196.16
0.3669,0.7833,141.42
0.4368,0.7833,139.23
0.4465,0.7833,178.41
0.3726,0.7833,86.04
0.3212,0.7833,183.19
0.369,0.6865,157.87
0.3754,0.6865,123.16
0.3595,0.6865,180.15
0.3172,0.6865,124.32
0.4512,0.6865,113.67
0.3865,0.6865,166.76
0.3253,0.6557,157.18
0.3778,0.6557,185.94
0.3771,0.6557,147.87
0.5224,0.6557,154.02
0.4177,0.6557,179.33
0.5274,0.6557,140.51
0.4612,0.7434,182.91
0.3219,0.7434,148.41
0.4429,0.7434,147.16
0.388,0.7434,190.06
0.2735,0.7434,119.05
0.4406,0.7434,165.69
0.3617,0.7239,170.51
0.3491,0.7239,140.54
0.4164,0.7239,176.02
0.397,0.7239,137.43
0.4946,0.7239,158.6
0.3491,0.7239,176.09
0.3712,0.5478,124.1
0.432,0.5478,157.37
0.4698,0.5478,164.65
0.4688,0.5478,123.03
0.5093,0.5478,188.1
0.2176,0.5478,121.82
0.4307,0.6909,168.55
0.4374,0.6909,166.18
0.2868,0.6909,100.59
0.4137,0.6909,176.85
0.4471,0.6909,136.24
0.3979,0.6909,187.92
0.4425,0.6459,151.22
0.4331,0.6459,113.44
0.5423,0.6459,171.14
0.4222,0.6459,143.3
0.4699,0.6459,130.9
0.4501,0.6459,184.44
0.2639,0.5789,123.13
0.4344,0.5789,160.87
0.4247,0.5789,153.5
0.4392,0.5789,175.04
0.422,0.5789,164.02
0.3712,0.5789,115.59
0.3965,0.7477,179.24
0.3526,0.7477,128.8
0.4562,0.7477,116.54
0.411,0.7477,198.4
0.2648,0.7477,120.04
0.458,0.7477,155.16
0.4766,0.6733,159.01
0.4002,0.6733,169.97
0.4093,0.6733,170.18
0.3823,0.6733,134.77
0.3794,0.6733,192.65
0.3417,0.6733,136.59
0.4177,0.5512,110.28
0.3361,0.5512,176.94
0.3015,0.5512,132.21
0.4557,0.5512,164.02
0.4262,0.5512,164.64
0.3938,0.5512,169.38
0.3599,0.6416,150.94
0.3893,0.6416,97.06
0.357,0.6416,198.16
0.3136,0.6416,132.43
0.3123,0.6416,91.14
0.4011,0.6416,173.58
0.249,0.5535,102.1
0.397,0.5535,159.58
0.4156,0.5535,168.4
0.3894,0.5535,157.66
0.4772,0.5535,163.23
0.4944,0.5535,115.18
0.4982,0.783,196.49
0.3963,0.783,129.93
0.3406,0.783,109.08
0.3558,0.783,180.19
0.3018,0.783,127.8
0.4453,0.783,155.24
0.4549,0.6996,163.76
0.4377,0.6996,152.08
0.4012,0.6996,136.37
0.32,0.6996,96.72
0.3517,0.6996,200.53
0.2463,0.6996,123.27
0.4337,0.6931,161.04
0.3131,0.6931,184.74
0.2301,0.6931,113.7
0.3498,0.6931,206.53
0.2381,0.6931,145.57
0.1254,0.6931,107.88
0.038,0.5958,108.13
0.0381,0.5958,108.05
0.0339,0.5958,107.87
0.0385,0.5958,108.21
0.0377,0.5958,108.64
0.0286,0.5958,108.76
0.0283,0.6017,109.02
0.0148,0.6017,109.11
0.0138,0.6017,109.16
0.0142,0.6017,109.22
0.0134,0.6017,109.32
0.0094,0.6017,109.41
0.0147,0.6037,109.47
0.0128,0.6037,109.52
0.022,0.6037,109.73
0.0114,0.6037,109.8
0.0224,0.6037,109.73
0.01,0.6037,109.73
0.0182,0.605,109.86
0.0086,0.605,109.92
0.0086,0.605,109.93
0.0325,0.605,110.0
0.0243,0.605,110.11
0.0345,0.605,109.99
0.0312,0.6052,110.08
0.0377,0.6052,109.87
0.0291,0.6052,110.04
0.0267,0.6052,110.13
0.0103,0.6052,110.13
0.013,0.6052,110.26
0.012,0.6064,110.35
0.011,0.6064,110.39
0.0128,0.6064,110.34
0.0231,0.6064,110.44
0.0319,0.6064,110.39
0.0091,0.6064,110.34
0.0297,0.6043,110.05
0.0289,0.6043,110.15
0.0223,0.6043,110.26
0.0121,0.6043,110.19
0.0111,0.6043,110.2
0.0214,0.6043,110.23
0.0325,0.6062,110.33
0.0105,0.6062,110.28
0.0119,0.6062,110.32
0.023,0.6062,110.26
0.0126,0.6062,110.27
0.0309,0.6062,110.37
0.0119,0.6067,110.29
0.0186,0.6067,110.29
0.0204,0.6067,110.45
0.0262,0.6067,110.28
0.0231,0.6067,110.22
0.0338,0.6067,110.32
0.0221,0.6075,110.28
0.0064,0.6075,110.13
0.0149,0.6075,110.18
0.0234,0.6075,110.05
0.0285,0.6075,109.96
0.0164,0.6075,109.95
0.0273,0.6057,109.79
0.0143,0.6057,109.79
0.0108,0.6057,109.75
0.0074,0.6057,109.7
0.0097,0.6057,109.65
0.0079,0.6057,109.56
0.0078,0.6054,109.51
0.0141,0.6054,109.48
0.0161,0.6054,109.38
0.0082,0.6054,109.3
0.0163,0.6054,109.31
0.011,0.6054,109.27
0.0121,0.6045,109.16
0.0117,0.6045,109.16
0.0083,0.6045,109.13
0.0212,0.6045,108.98
0.0143,0.6045,108.91
0.0299,0.6045,109.04
0.0071,0.604,108.94
0.0085,0.604,108.95
0.0118,0.604,108.84
0.0247,0.604,108.92
0.0125,0.604,108.75
0.0309,0.604,108.54
0.0152,0.6018,108.45
0.0077,0.6018,108.44
0.0108,0.6018,108.44
0.0305,0.6018,108.6
0.0068,0.6018,108.6
0.0107,0.6018,108.54
0.0087,0.6029,108.51
0.0308,0.6029,108.69
0.025,0.6029,108.67
0.0172,0.6029,108.68
0.0303,0.6029,108.45
0.0187,0.6029,108.38
0.017,0.6029,108.36
0.0288,0.6029,108.52
0.0063,0.6029,108.51
0.0092,0.6029,108.49
0.0038,0.6029,108.47
0.0054,0.6029,108.45
0.0665,0.5437,99.12
0.4065,0.5437,134.43
0.4914,0.5437,175.75
0.4691,0.5437,138.62
0.4796,0.5437,156.22
0.437,0.5437,141.4
0.4947,0.7173,168.11
0.3242,0.7173,152.72
0.2169,0.7173,104.4
0.0871,0.7173,113.07
0.0348,0.7173,113.1
0.0118,0.7173,113.1
0.0165,0.6082,113.22
0.0111,0.6082,113.13
0.013,0.6082,113.16
0.014,0.6082,113.23
0.0148,0.6082,113.18
0.0356,0.6082,112.65
0.1346,0.5318,100.69
0.7015,0.5318,119.3
0.8458,0.5318,120.37
0.8762,0.5318,121.3
0.8672,0.5318,120.98
0.8673,0.5318,121.82
0.8659,0.4809,123.91
0.8662,0.4809,123.72
0.9251,0.4809,123.67
0.731,0.4809,123.81
0.8886,0.4809,123.73
0.8753,0.4809,123.03
0.8849,0.4749,123.14
0.8492,0.4749,123.09
0.8643,0.4749,122.14
0.8568,0.4749,122.26
0.8348,0.4749,139.7
0.3698,0.4749,111.04
0.1464,0.5835,110.1
0.0902,0.5835,109.19
0.0931,0.5835,108.25
0.0943,0.5835,108.1
0.1034,0.5835,108.58
0.1054,0.5835,108.47
0.1011,0.5747,109.01
0.0977,0.5747,110.17
0.0835,0.5747,110.72
0.0953,0.5747,109.37
0.0946,0.5747,109.24
0.0716,0.5747,109.33
0.0884,0.5766,109.2
0.0773,0.5766,109.08
0.0798,0.5766,108.84
0.0925,0.5766,109.69
0.0871,0.5766,110.28
0.0486,0.5766,110.03
0.0826,0.5773,109.33
0.0877,0.5773,109.81
0.0825,0.5773,110.53
0.0503,0.5773,110.51
0.0773,0.5773,110.29
0.0839,0.5773,109.84
0.0835,0.5787,109.65
0.0742,0.5787,109.45
0.0682,0.5787,109.8
0.02,0.5787,109.8
0.0797,0.5787,110.04
0.0806,0.5787,110.22
0.0836,0.5805,110.04
0.0787,0.5805,109.92
0.0804,0.5805,109.97
0.0849,0.5805,110.18
0.0789,0.5805,110.48
0.0591,0.5805,110.35
0.0692,0.5824,110.17
0.0473,0.5824,110.02
0.0815,0.5824,110.37
0.0671,0.5824,110.62
0.0739,0.5824,111.07
0.0712,0.5824,110.32
0.076,0.5871,110.79
0.0574,0.5871,110.66
0.0537,0.5871,110.78
0.023,0.5871,110.68
0.0703,0.5871,110.9
0.0712,0.5871,111.22
0.0421,0.5906,111.35
0.0696,0.5906,110.79
0.0629,0.5906,110.64
0.0789,0.5906,111.75
0.0738,0.5906,112.86
0.0695,0.5906,113.26
0.0692,0.607,114.03
0.0654,0.607,112.49
0.0692,0.607,112.27
0.064,0.607,112.26
0.0125,0.607,112.21
0.0597,0.607,112.21
0.0663,0.5896,111.31
0.0306,0.5896,111.18
0.1505,0.5896,103.38
0.2956,0.5896,33.75
0.0014,0.5896,66.37
0.009,0.5896,65.01
0.007,0.4383,63.27
0.0072,0.4383,65.55
0.0073,0.4383,66.06
0.0057,0.4383,63.47
0.0069,0.4383,64.99
0.0111,0.4383,73.01
0.0101,0.4611,67.32
0.0077,0.4611,43.2
0.0101,0.4611,52.57
0.0156,0.4611,55.24
0.0093,0.4611,52.07
0.0101,0.4611,51.01
0.0109,0.3561,50.29
0.0104,0.3561,49.66
0.0116,0.3561,49.27
0.0142,0.3561,48.75
0.0137,0.3561,48.42
0.0123,0.3561,48.04
0.0123,0.3311,46.38
0.0087,0.3311,46.16
0.011,0.3311,46.66
0.0104,0.3311,47.7
0.0103,0.3311,46.35
0.0107,0.3311,47.31
0.0093,0.3263,45.69
0.0108,0.3263,46.23
0.0145,0.3263,46.24
0.0114,0.3263,45.58
0.0085,0.3263,47.51
0.012,0.3263,47.68
0.014,0.3404,47.86
0.2978,0.3404,181.57
0.5349,0.3404,173.28
0.0,1.0,86.86
0.0,1.0,106.39
0.6303,1.0,148.01
0.3532,1.0,137.11
0.2962,1.0,134.17
0.6617,1.0,158.26
0.738,0.4598,170.07
0.5685,0.4598,167.54
0.0,1.0,219.82
0.2102,1.0,185.87
0.1587,1.0,132.38
0.1036,1.0,124.76
0.102,1.0,123.54
0.0863,0.6878,122.86
0.1,0.6878,123.16
0.0906,0.6878,124.21
0.1016,0.6878,122.0
0.121,0.6878,118.55
0.1156,0.6878,123.35
0.1042,0.6844,122.29
0.1069,0.6844,123.61
0.0865,0.6844,122.59
0.0994,0.6844,121.34
0.1063,0.6844,119.76
0.1038,0.6844,121.32
0.105,0.6951,122.99
0.1023,0.6951,122.98
0.0878,0.6951,122.71
0.0405,0.6951,122.72
0.0663,0.6951,122.43
0.0957,0.6951,123.85
0.1069,0.7006,125.87
0.1038,0.7006,123.22
0.095,0.7006,121.47
0.098,0.7006,123.78
0.0667,0.7006,123.26
0.0628,0.7006,122.29
0.0803,0.6983,123.2
0.0627,0.6983,123.15
0.0601,0.6983,121.1
0.0857,0.6983,121.84
0.0705,0.6983,121.45
0.0648,0.6983,121.56
0.0713,0.685,121.53
0.1027,0.685,123.65
0.1373,0.685,110.3
0.3596,0.685,195.35
0.4031,0.685,156.77
0.3711,0.685,118.77
0.4001,0.4689,84.66
0.3721,0.4689,124.56
0.4737,0.4689,103.07
0.5208,0.4689,108.72
0.4674,0.4689,96.42
0.4325,0.4689,122.94
0.4997,0.4746,99.27
0.5773,0.4746,130.11
0.5431,0.4746,102.5
0.5928,0.4746,140.39
0.4478,0.4746,98.09
0.4982,0.4746,135.41
0.5658,0.476,99.62
0.5874,0.476,138.42
0.5716,0.476,113.13
0.5994,0.476,136.96
0.4811,0.476,98.17
0.7284,0.476,137.08
0.0,1.0,171.14
0.0622,1.0,132.64
0.0186,1.0,134.83
0.0339,1.0,147.52
0.0169,1.0,147.6
0.0192,1.0,147.65
0.0187,0.9112,147.82
0.0185,0.9112,147.9
0.0193,0.9112,147.97
0.01,0.9112,148.07
0.1232,0.9112,111.04
0.4645,0.9112,179.48
0.6137,0.757,145.16
0.5478,0.757,178.72
0.6015,0.757,126.34
0.5586,0.757,186.35
0.528,0.757,122.38
0.567,0.757,176.86
0.5841,0.655,119.87
0.5422,0.655,176.8
0.5553,0.655,127.47
0.5894,0.655,178.15
0.5483,0.655,118.78
0.549,0.655,144.18
0.4045,0.599,98.03
0.3849,0.599,156.93
0.601,0.599,120.57
0.5752,0.599,174.37
0.537,0.599,141.6
0.4152,0.599,118.4
0.4647,0.6973,146.58
0.4904,0.6973,120.5
0.4987,0.6973,121.33
0.4668,0.6973,156.01
0.4442,0.6973,123.02
0.5753,0.6973,134.0
0.6107,0.7293,197.46
0.5659,0.7293,126.31
0.4992,0.7293,124.63
0.5843,0.7293,182.67
0.5272,0.7293,136.56
0.3942,0.7293,153.72
0.1178,0.9096,153.45
0.0251,0.9096,153.41
0.0179,0.9096,153.4
0.0295,0.9096,153.22
0.033,0.9096,152.95
0.0432,0.9096,152.68
0.0224,0.9059,152.81
0.0356,0.9059,152.97
0.0268,0.9059,153.05
0.0149,0.9059,153.04
0.016,0.9059,152.97
0.0202,0.9059,152.92
0.0386,0.9058,153.0
0.0553,0.9058,152.54
0.2276,0.9058,17.39
0.0,0.9058,36.63
0.0037,0.9058,41.53
0.0112,0.9058,43.61
0.0039,0.474,46.63
0.0059,0.474,47.27
0.0059,0.474,47.68
0.0052,0.474,46.96
0.0044,0.474,46.83
0.0088,0.474,46.33
0.0099,0.4731,46.41
0.0062,0.4731,46.8
0.0065,0.4731,46.85
0.0066,0.4731,45.18
0.0085,0.4731,44.62
0.0064,0.4731,44.03
0.0058,0.4459,42.83
0.0084,0.4459,51.37
0.0135,0.4459,51.83
0.1317,0.4459,216.74
0.2418,0.4459,232.03
0.1796,0.4459,226.89
0.2174,0.7919,198.1
0.2027,0.7919,148.63
0.111,0.7919,122.47
0.1335,0.7919,125.04
0.1221,0.7919,124.18
0.0831,0.7919,124.64
0.0521,0.8335,124.55
0.0402,0.8335,124.6
0.0753,0.8335,124.76
0.0764,0.8335,124.54
0.0974,0.8335,124.91
0.023,0.8335,126.34
0.041,0.8358,126.14
0.0674,0.8358,126.34
0.0532,0.8358,126.71
0.0699,0.8358,143.05
0.0255,0.8358,143.11
0.0331,0.8358,143.08
0.0748,0.8135,143.0
0.0352,0.8135,143.16
0.0463,0.8135,143.04
0.0759,0.8135,143.22
0.189,0.8135,141.83
0.1957,0.8135,141.09
0.708,0.5601,177.69
0.8545,0.5601,130.54
0.964,0.5601,128.05
0.9694,0.5601,123.35
0.9777,0.5601,123.15
0.9944,0.5601,125.14
0.9949,0.4509,125.43
0.9238,0.4509,125.45
0.9859,0.4509,125.15
0.9964,0.4509,123.87
0.947,0.4509,124.42
0.9743,0.4509,124.63
0.9817,0.4513,125.23
0.9794,0.4513,124.22
0.986,0.4513,124.84
0.9857,0.4513,123.7
0.8874,0.4513,124.03
0.9733,0.4513,123.8
0.9866,0.4565,124.3
0.988,0.4565,124.14
0.9705,0.4565,123.66
0.9367,0.4565,123.79
0.9861,0.4565,123.87
0.9877,0.4565,123.56
0.986,0.442,123.34
0.9795,0.442,123.13
0.9853,0.442,122.91
0.8603,0.442,122.77
0.9786,0.442,122.96
0.8605,0.442,117.3
0.6439,0.6551,167.92
0.5304,0.6551,98.44
0.4593,0.6551,126.85
0.1322,0.6551,127.81
0.1614,0.6551,146.34
0.1358,0.6551,141.47
0.1604,0.8089,141.93
0.1513,0.8089,140.03
0.1577,0.8089,137.86
0.159,0.8089,137.59
0.171,0.8089,138.07
0.1627,0.8089,145.25
0.1501,0.8058,140.83
0.1638,0.8058,138.1
0.1614,0.8058,139.01
0.1374,0.8058,138.44
0.0783,0.8058,138.64
0.0894,0.8058,138.54
0.0753,0.7975,138.31
0.0318,0.7975,138.4
0.0911,0.7975,138.18
0.0538,0.7975,138.06
0.0785,0.7975,138.18
0.061,0.7975,138.22
0.2877,0.7296,129.53
0.4896,0.7296,92.04
0.0223,0.7296,99.96
0.017,0.7296,101.68
0.0218,0.7296,103.18
0.0127,0.7296,103.01
0.0138,0.7191,101.3
0.012,0.7191,104.33
0.0099,0.7191,105.31
0.008,0.7191,100.7
0.0106,0.7191,97.9
0.3952,0.7191,205.1
0.5415,0.6769,168.35
0.4125,0.6769,172.19
0.3347,0.6769,126.86
0.1755,0.6769,104.27
0.0803,0.6769,106.22
0.0783,0.6769,107.55
0.1203,0.7493,107.84
0.2521,0.7493,13.54
0.0,0.7493,68.51
0.009,0.7493,77.66
0.0114,0.7493,81.7
0.011,0.7493,98.04
0.3982,0.6687,200.03
0.5405,0.6687,196.8
0.3766,0.6687,243.97
0.0846,0.6687,127.7
0.0,0.6687,129.07
0.0047,0.6687,134.8
0.0204,0.7396,130.72
0.0145,0.7396,130.92
0.0152,0.7396,131.93
0.3655,0.7396,93.81
0.2864,0.7396,89.13
0.3229,0.7396,89.88
0.2331,0.5563,89.57
0.3354,0.5563,92.51
0.377,0.5563,100.11
0.2619,0.5563,30.62
0.0,0.5563,13.75
0.0,0.5563,14.12
0.0,0.1832,14.11
0.0,0.1832,14.09
0.0,0.1832,14.09
0.0,0.1832,14.08
0.0,0.1832,14.01
0.0,0.1832,14.13
0.0,0.1822,14.02
0.0,0.1822,14.07
0.0,0.1822,14.03
0.0,0.1822,14.0
0.0,0.1822,14.02
0.0,0.1822,14.08
0.0,0.1822,14.03
0.387,0.1822,208.32
0.4456,0.1822,208.34
0.463,0.1822,191.17
0.4308,0.1822,192.93
0.5183,0.1822,127.53
0.5344,0.6003,108.81
0.4612,0.6003,94.16
0.5553,0.6003,135.18
0.5285,0.6003,134.73
0.4617,0.6003,150.36
0.5246,0.6003,162.4
0.3834,0.6434,114.27
0.5056,0.6434,141.33
0.7976,0.6434,136.27
0.9909,0.6434,131.81
0.9957,0.6434,129.16
0.9944,0.6434,128.68
0.9954,0.4298,129.28
0.952,0.4298,129.29
0.9745,0.4298,128.9
0.9654,0.4298,115.52
0.5914,0.4298,127.72
0.6218,0.4298,120.74
0.0,1.0,218.22
0.0,1.0,143.51
0.0,1.0,131.02
0.2007,1.0,129.19
0.1819,1.0,123.39
0.2648,1.0,123.85
0.2687,1.0,121.91
0.2075,0.8054,121.64
0.201,0.8054,121.76
0.1866,0.8054,121.64
0.2141,0.8054,121.19
0.3718,0.8054,120.25
0.4132,0.8054,102.44
0.5028,0.6841,105.23
0.5966,0.6841,136.35
0.6001,0.6841,136.93
0.5854,0.6841,137.09
0.5498,0.6841,137.42
0.214,0.6841,137.29
0.4721,0.6917,137.71
0.5703,0.6917,135.91
0.293,0.6917,29.3
0.0,0.6917,63.09
0.007,0.6917,65.09
0.0052,0.6917,66.34
0.0046,0.6059,63.57
0.0045,0.6059,55.06
0.005,0.6059,57.69
0.005,0.6059,56.53
0.0049,0.6059,56.0
0.0041,0.6059,56.61
0.0047,0.5616,55.56
0.0077,0.5616,55.72
0.0054,0.5616,55.97
0.0048,0.5616,56.03
0.0022,0.5616,52.53
0.0033,0.5616,47.8
0.0036,0.5723,57.55
0.0065,0.5723,57.38
0.0056,0.5723,60.96
0.0074,0.5723,62.9
0.0083,0.5723,63.45
0.0094,0.5723,65.01
0.0527,0.6658,248.53
0.3121,0.6658,235.44
0.3625,0.6658,180.13
0.3351,0.6658,114.22
0.2645,0.6658,118.84
0.4015,0.6658,136.65
0.5634,0.6016,124.27
0.3873,0.6016,8.7
0.0,0.6016,20.88
0.0,0.6016,19.98
0.0,0.6016,19.6
0.0001,0.6016,19.45
0.0,0.2547,19.54
0.2923,0.2547,191.3
0.4412,0.2547,151.76
0.2989,0.2547,119.53
0.3258,0.2547,237.22
0.4021,0.2547,221.23
0.599,0.6425,141.99
0.6579,0.6425,134.0
0.6635,0.6425,130.48
0.3225,0.6425,8.1
0.0,0.6425,13.96
0.0,0.6425,13.92
0.0,0.1939,13.98
0.0,0.1939,13.94
0.0,0.1939,13.93
0.0041,0.1939,236.88
0.2887,0.1939,241.6
0.6248,0.1939,186.24
0.6502,0.6325,136.46
0.572,0.6325,114.53
0.6556,0.6325,141.47
0.6867,0.6325,139.6
0.6731,0.6325,138.96
0.0,1.0,207.66
0.1052,1.0,137.3
0.0369,1.0,116.31
0.0143,1.0,116.35
0.0071,1.0,116.4
0.0101,0.7687,116.44
0.0267,0.7687,83.45
0.2017,0.7687,13.85
0.0,0.7687,14.47
0.0,0.7687,14.44
0.0,0.7687,14.34
0.0,0.1222,14.41
0.0,0.1222,14.51
0.0,0.1222,14.5
0.0,0.1222,14.47
0.0,0.1222,14.49
0.0,1.0,225.95
0.0072,1.0,236.81
0.01,1.0,244.69
0.0126,1.0,249.33
0.0102,1.0,249.93
0.0039,1.0,251.67
0.0198,1.0,251.03
0.0514,1.0,250.77
0.0982,1.0,240.65
0.0175,1.0,239.18
0.039,1.0,232.81
0.0571,1.0,222.47
0.0285,1.0,219.76
0.0689,1.0,204.51
0.0506,1.0,194.62
0.0233,1.0,192.01
0.0493,1.0,179.22
0.0567,1.0,162.81
0.0281,1.0,154.5
0.0163,1.0,151.29
0.0331,1.0,137.92
0.0277,1.0,127.34
0.0229,1.0,120.8
0.0206,1.0,113.99
0.0124,1.0,113.99
0.0126,1.0,113.94
0.0075,1.0,113.95
0.0125,1.0,113.95
0.0092,1.0,113.95
0.0073,1.0,113.96
0.0061,1.0,113.98
0.0077,1.0,113.99
0.0086,1.0,114.0
0.0091,1.0,113.98
0.0125,1.0,113.97
0.0059,1.0,113.95
0.0113,1.0,113.94
0.009,0.6873,113.95
0.0084,0.6873,113.95
0.0088,0.6873,113.94
0.0098,0.6873,113.97
0.0119,0.6873,113.97
0.0073,0.6873,113.97
0.0086,0.6873,113.97
0.0095,0.6873,113.97
0.0106,0.6873,113.98
0.0052,0.6873,113.97
0.01,0.6873,113.98
0.0068,0.6873,113.99
0.0099,0.6873,113.99
0.0095,0.6873,113.99
0.0097,0.6873,114.0
0.0073,0.6873,114.01
0.0131,0.6873,114.02
0.0135,0.6873,114.01
0.008,0.6873,114.16
0.0123,0.6873,114.28
0.012,0.6873,114.41
0.0127,0.6873,114.42
0.0121,0.6873,114.42
0.0091,0.6873,114.43
0.0109,0.6873,114.43
0.007,0.6873,114.43
0.0072,0.6873,114.43
0.0108,0.6873,114.43
0.0133,0.6873,114.41
0.0121,0.6873,114.35
0.0081,0.6873,114.35
0.0124,0.6873,114.32
0.0149,0.6873,114.29
0.0093,0.6873,114.27
0.0217,0.6873,114.19
0.0132,0.6873,114.15
0.0179,0.6873,113.97
0.0123,0.6873,113.57
0.0102,0.6873,110.96
0.1985,0.6873,4.17
0.0,0.6873,5.08
0.0,0.6873,8.11
0.0,0.6873,8.6
0.0,0.6873,9.36
0.0,0.6873,8.5
0.0,0.6873,8.02
0.0,0.6873,6.62
0.0,0.6873,11.75
0.0,0.6873,11.5
0.0,0.6873,14.04
0.0,0.1232,14.28
0.0,0.1232,14.24
0.0,0.1232,14.26
0.0,0.1232,14.26
0.0,0.1232,14.37
0.0,0.1232,14.37
0.0,0.1232,14.29
0.0,0.1232,14.33
0.0,0.1232,14.37
0.0,0.1232,14.31
0.0,0.1232,14.36
0.0,0.1232,14.35
0.0,0.1232,14.35
0.0,0.1232,14.4
0.0,0.1232,14.42
0.0,0.1232,14.38
0.0,0.1232,14.32
0.0,0.1232,14.39
0.0,0.1232,14.36
0.0,0.1232,14.4
0.0,0.1232,14.38
0.0,0.1232,14.45
0.0,0.1232,14.41
0.0,0.1232,14.47
0.0,0.1232,14.56
0.0,0.1232,14.61
0.0,0.1232,14.64
0.0,0.1232,14.63
0.0,0.1232,14.63
0.0,0.1232,14.62
0.0,0.1232,14.64
0.0,0.1232,14.6
0.0,0.1232,14.6
0.0,0.1232,14.57
0.0,0.1232,14.69
0.0,0.1232,14.66
0.0,0.1232,14.66
0.0,0.1232,14.61
0.0,0.1232,14.65
0.0,0.1232,14.69
0.0,0.1232,14.69
0.0,0.1232,14.56
0.0,0.1232,14.7
0.0,0.1232,14.61
0.0,0.1232,14.63
0.0,0.1232,14.61
0.0,0.1232,14.69
0.0,0.1232,14.68
0.0,0.1232,14.76
0.0,0.1232,14.67
0.0,0.1232,14.65
0.0,0.1262,14.65
0.0,0.1262,14.62
0.0,1.0,225.35
0.1534,1.0,243.93
0.2658,1.0,242.84
0.3425,1.0,234.13
0.4224,1.0,220.53
0.4224,1.0,186.16
0.3366,1.0,159.53
0.2698,0.7033,159.6
0.2676,0.7033,159.16
0.2847,0.7033,159.19
0.3076,0.7033,159.1
0.2766,0.7033,158.93
0.1343,0.7033,158.78
0.2511,0.7033,158.72
0.2625,0.7033,158.43
0.2512,0.7033,158.43
0.2724,0.7004,158.68
0.2137,0.7004,158.81
0.3556,0.7004,159.93
0.3192,0.7004,160.05
0.326,0.7004,157.71
0.2819,0.7004,157.99
0.325,0.7004,159.82
0.3263,0.7004,158.57
0.0,1.0,161.9
0.2779,1.0,148.27
0.3318,1.0,149.14
0.2637,1.0,149.03
0.2712,1.0,148.51
0.2357,1.0,148.21
0.2276,1.0,147.86
0.2765,1.0,147.9
0.2325,0.7772,147.58
0.0208,0.7772,147.46
0.0098,0.7772,147.37
0.022,0.7772,147.49
0.1275,0.7772,147.61
0.2129,0.7772,147.47
0.0916,0.7772,147.5
0.1449,0.7772,147.33
0.2149,0.7772,147.28
0.3716,0.736,149.11
0.3914,0.736,153.43
0.3511,0.736,150.59
0.0,1.0,162.53
0.5001,1.0,113.13
0.5155,1.0,138.49
0.6206,1.0,136.33
0.6034,1.0,144.79
0.4471,1.0,153.18
0.452,1.0,157.85
0.6102,1.0,127.65
0.3422,0.1369,13.16
0.0,0.1369,31.56
0.0051,0.1369,244.76
0.1535,0.1369,230.23
0.0,1.0,222.98
0.0983,1.0,183.09
0.0871,1.0,130.76
0.0326,1.0,114.11
0.007,1.0,114.1
0.0074,1.0,114.11
0.0155,1.0,114.12
0.011,1.0,114.1
0.1965,0.1059,13.38
0.0,0.1059,9.26
0.0,0.1059,15.75
0.0,0.1059,16.03
0.0,0.1059,17.25
0.0,0.1059,15.54
0.0,0.1059,15.32
0.0,0.1059,15.32
0.0,0.1059,15.16
0.0,1.0,225.98
0.0143,1.0,250.9
0.1488,1.0,226.56
0.0981,1.0,168.12
0.0571,1.0,117.19
0.0086,1.0,117.09
0.0085,1.0,117.04
0.0212,0.696,115.84
0.1522,0.696,96.78
0.4071,0.696,126.66
0.4003,0.696,121.37
0.1807,0.696,117.21
0.0247,0.696,117.37
0.016,0.696,117.41
0.013,0.696,117.48
0.0396,0.696,116.54
0.2618,0.5796,88.14
0.5383,0.5796,131.67
0.0,1.0,204.1
0.112,1.0,162.39
0.0563,1.0,118.48
0.0111,1.0,118.4
0.0075,1.0,118.44
0.0095,1.0,118.49
0.0169,1.0,117.53
0.1502,1.0,98.57
0.3596,0.6885,118.08
0.3072,0.6885,139.94
0.0927,0.6885,118.57
0.0109,0.6885,118.71
0.0098,0.6885,118.75
0.0087,0.6885,118.51
0.1073,0.6885,104.77
0.3579,0.6885,113.99
0.0,1.0,194.05
0.2994,1.0,154.0
0.2553,1.0,112.42
0.174,1.0,113.47
0.1442,1.0,117.41
0.1042,1.0,115.59
0.1577,1.0,118.35
0.1747,1.0,118.3
0.0941,0.7377,118.36
0.0072,0.7377,118.32
0.0163,0.7377,118.29
0.1984,0.7377,131.99
0.0279,0.7377,112.07
0.0109,0.7377,110.99
0.0088,0.7377,118.15
0.0075,0.6656,116.96
0.0043,0.6656,116.98
0.0,0.6656,116.93
0.0079,0.6656,117.62
0.0084,0.6656,117.67
0.0107,0.6656,118.98
0.0181,0.6656,117.05
0.0175,0.6656,118.92
0.0035,0.6656,120.21
0.0021,0.6827,126.24
0.0239,0.6827,122.86
0.1649,0.6827,120.49
0.0238,0.6827,120.55
0.1963,0.6827,119.03
0.2186,0.6827,117.05
0.1519,0.6827,116.81
0.0369,0.6827,116.74
0.0282,0.6827,116.68
0.0095,0.6546,116.67
0.0081,0.6546,116.68
0.0065,0.6546,116.67
0.0082,0.6546,116.66
0.0081,0.6546,116.65
0.0257,0.6546,116.63
0.0124,0.6546,116.62
0.103,0.6546,116.69
0.1738,0.6546,124.15
0.0531,0.6431,116.06
0.0289,0.6431,114.4
0.0419,0.6431,112.66
0.0345,0.6431,111.98
0.0665,0.6431,110.86
0.1271,0.6431,104.6
0.2834,0.6431,90.12
0.2844,0.6431,111.66
0.1692,0.6431,121.25
0.0941,0.7166,125.96
0.0345,0.7166,130.56
0.0154,0.7166,130.66
0.0055,0.7166,130.72
0.0009,0.7166,130.68
0.0066,0.7166,130.71
0.0025,0.7166,130.71
0.0016,0.7166,130.71
0.0181,0.7166,130.8
0.0263,0.7271,124.59
0.0984,0.7271,122.7
0.1504,0.7271,122.82
0.1286,0.7271,122.58
0.0017,0.7271,122.57
0.0034,0.7271,122.57
0.0025,0.7271,122.54
0.0057,0.7271,122.43
0.0066,0.7271,122.46
0.1361,0.6782,122.19
0.2613,0.6782,121.11
0.484,0.6782,112.13
0.5253,0.6782,120.96
0.441,0.6782,121.45
0.4494,0.6782,120.45
0.4544,0.6782,119.34
0.5771,0.6782,109.6
0.6911,0.6782,110.08
0.5019,0.4346,115.42
0.5445,0.4346,119.87
0.5076,0.4346,121.55
0.6218,0.4346,130.88
0.7025,0.4346,138.02
0.6983,0.4346,137.81
0.7079,0.4346,138.02
0.7034,0.4346,175.9
0.3085,0.4346,139.41
0.3,0.6891,131.78
0.2178,0.6891,128.92
0.0334,0.6891,124.87
0.2649,0.6891,120.94
0.2552,0.6891,120.99
0.1806,0.6891,120.96
0.1394,0.6891,120.91
0.1089,0.6891,120.88
0.2693,0.6891,120.8
0.3143,0.6412,121.56
0.0143,0.6412,121.55
0.2838,0.6412,121.48
0.0087,0.6412,121.45
0.2702,0.6412,121.5
0.0022,0.6412,121.49
0.0104,0.6412,121.49
0.0036,0.6412,121.48
0.004,0.6412,121.49
0.3186,0.6435,122.81
0.5919,0.6435,112.64
0.6058,0.6435,113.6
0.4942,0.6435,117.98
0.4964,0.6435,122.02
0.0094,0.6435,124.12
0.3137,0.6435,137.97
0.6947,0.6435,137.04
0.2435,0.6435,136.7
0.0773,0.4349,136.56
0.025,0.4349,136.77
0.0123,0.4349,136.74
0.6773,0.4349,136.99
0.6931,0.4349,136.08
0.7259,0.4349,160.4
0.5653,0.4349,137.68
0.4686,0.4349,130.01
0.4404,0.4349,125.65
0.4761,0.5734,120.77
0.5583,0.5734,115.23
0.5521,0.5734,125.76
0.4639,0.5734,119.17
0.5076,0.5734,115.67
0.4828,0.5734,117.41
0.4211,0.5734,117.74
0.1673,0.5734,117.56
0.2401,0.5734,117.31
0.4721,0.5654,118.17
0.4635,0.5654,118.74
0.4524,0.5654,118.29
0.4553,0.5654,117.88
0.3065,0.5654,118.08
0.2793,0.5654,118.23
0.0116,0.5654,118.13
0.0108,0.5654,118.23
0.0052,0.5654,118.22
0.4791,0.5598,115.52
0.4694,0.5598,107.01
0.4815,0.5598,101.6
0.4572,0.5598,98.92
0.4025,0.5598,99.51
0.0146,0.5598,99.44
0.3944,0.5598,99.13
0.4024,0.5598,98.56
0.0186,0.5598,98.19
0.4061,0.434,97.77
0.3713,0.434,97.61
0.0323,0.434,97.65
0.3737,0.434,97.5
0.0367,0.434,97.62
0.4135,0.434,97.3
0.3414,0.434,97.24
0.3744,0.434,97.55
0.4172,0.434,96.94
0.3725,0.4359,92.25
0.2579,0.4359,128.01
0.4554,0.4359,122.6
0.2589,0.4359,119.74
0.4401,0.4359,118.11
0.4995,0.4359,116.28
0.0563,0.4359,118.7
0.4235,0.4359,109.69
0.5774,0.4359,117.58
0.6215,0.4822,116.36
0.4598,0.4822,114.59
0.6126,0.4822,116.48
0.0,1.0,162.51
0.03,1.0,122.83
0.003,1.0,123.33
0.0053,1.0,123.36
0.0032,1.0,123.38
0.0034,1.0,123.41
0.0028,1.0,123.42
0.0039,1.0,123.44
0.005,0.9106,123.46
0.001,0.9106,123.45
0.0054,0.9106,123.47
0.0046,0.9106,123.47
0.0058,0.9106,123.48
0.0042,0.9106,123.49
0.0034,0.9106,123.52
0.0053,0.9106,123.52
0.0054,0.9106,123.49
0.4426,0.5245,99.27
0.2225,0.5245,87.08
0.311,0.5245,91.08
0.0774,0.5245,91.11
0.3519,0.5245,91.47
0.0958,0.5245,91.34
0.3524,0.5245,92.14
0.0395,0.5245,91.98
0.3383,0.5245,92.17
0.0137,0.479,92.21
0.095,0.479,92.2
0.356,0.479,92.65
0.0244,0.479,92.78
0.3513,0.479,91.99
0.3597,0.479,92.34
0.1032,0.479,92.48
0.2512,0.479,92.31
0.3438,0.479,92.44
0.3103,0.4851,92.61
0.3491,0.4851,92.17
0.3532,0.4851,92.85
0.32,0.4851,92.94
0.2977,0.4851,92.71
0.3523,0.4851,92.36
0.3149,0.4851,85.76
0.2847,0.4851,128.1
0.4619,0.4851,130.31
0.4923,0.6228,134.27
0.5102,0.6228,135.77
0.0176,0.6228,144.54
0.5997,0.6228,150.07
0.0136,0.6228,150.01
0.5505,0.6228,149.6
0.0194,0.6228,149.59
0.5654,0.6228,150.05
0.0142,0.6228,150.01
0.0137,0.5994,150.08
0.4759,0.5994,149.75
0.5611,0.5994,149.36
0.5994,0.5994,148.71
0.6182,0.5994,149.92
0.0108,0.5994,149.83
0.6165,0.5994,148.57
0.5978,0.5994,149.17
0.0214,0.5994,149.19
0.4646,0.5928,149.46
0.1121,0.5928,149.2
0.5977,0.5928,148.53
0.1089,0.5928,148.34
0.5827,0.5928,147.87
0.5394,0.5928,147.57
0.5488,0.5928,147.26
0.5894,0.5928,147.69
0.6667,0.5928,144.0
0.5118,0.5774,138.06
0.3721,0.5774,105.86
0.281,0.5774,103.58
0.0842,0.5774,103.12
0.3286,0.5774,101.29
0.3785,0.5774,100.73
0.0213,0.5774,100.64
0.3757,0.5774,100.27
0.3785,0.5774,100.7
0.3607,0.5056,100.61
0.0257,0.5056,100.52
0.0678,0.5056,100.61
0.3502,0.5056,100.96
0.3175,0.5056,100.81
0.017,0.5056,100.8
0.0435,0.5056,100.94
0.3743,0.5056,101.25
0.3611,0.5056,101.54
0.366,0.5076,101.3
0.2944,0.5076,101.38
0.0157,0.5076,101.42
0.0105,0.5076,101.41
0.2969,0.5076,101.57
0.3685,0.5076,92.62
0.5183,0.5076,122.55
0.7664,0.5076,117.77
0.69,0.5076,169.48
0.5163,0.6193,188.48
0.6712,0.6193,139.73
0.7077,0.6193,145.55
0.476,0.6193,141.27
0.5134,0.6193,150.48
0.3819,0.6193,110.48
0.3489,0.6193,112.14
0.2553,0.6193,111.26
0.2645,0.6193,110.94
0.2765,0.5784,120.9
0.1509,0.5784,123.83
0.0317,0.5784,124.51
0.0113,0.5784,124.45
0.0078,0.5784,124.33
0.0086,0.5784,124.33
0.0134,0.5784,124.34
0.0105,0.5784,124.33
0.0131,0.5784,124.34
0.009,0.6301,124.36
0.0097,0.6301,124.37
0.0158,0.6301,124.26
0.0221,0.6301,124.08
0.0332,0.6301,123.7
0.0423,0.6301,123.59
0.0384,0.6301,123.61
0.0709,0.6301,123.27
0.0997,0.6301,118.57
0.1218,0.5759,117.48
0.1453,0.5759,127.68
0.1609,0.5759,159.77
0.1572,0.5759,170.76
0.1294,0.5759,172.65
0.1763,0.5759,167.27
0.1797,0.5759,156.6
0.1604,0.5759,115.81
0.1025,0.5759,115.87
0.0935,0.5984,114.83
0.0673,0.5984,115.77
0.0595,0.5984,114.86
0.0707,0.5984,114.6
0.0777,0.5984,114.36
0.0829,0.5984,114.36
0.0856,0.5984,114.24
0.0891,0.5984,114.27
0.0965,0.5984,115.43
0.2581,0.6032,97.49
0.1845,0.6032,133.42
0.2832,0.6032,130.58
0.4466,0.6032,125.06
0.4513,0.6032,131.55
0.4549,0.6032,132.58
0.4727,0.6032,130.79
0.4312,0.6032,130.01
0.4682,0.6032,130.61
0.4246,0.6447,130.23
0.4418,0.6447,131.37
0.4553,0.6447,131.41
0.4513,0.6447,131.57
0.4789,0.6447,127.74
0.4715,0.6447,130.54
0.4905,0.6447,134.13
0.4627,0.6447,135.81
0.1956,0.6447,136.18
0.4705,0.6481,136.84
0.4564,0.6481,137.06
0.4558,0.6481,137.78
0.3684,0.6481,138.15
0.4579,0.6481,138.58
0.4713,0.6481,138.97
0.459,0.6481,138.69
0.4694,0.6481,138.43
0.4628,0.6481,139.81
0.3614,0.632,132.71
0.4975,0.632,135.54
0.5133,0.632,121.52
0.4529,0.632,118.83
0.5811,0.632,112.76
0.6889,0.632,142.37
0.6738,0.632,139.06
0.7229,0.632,142.77
0.7409,0.632,134.23
0.69,0.5697,134.71
0.7619,0.5697,139.89
0.0,1.0,199.99
0.027,1.0,154.27
0.0256,1.0,125.58
0.0034,1.0,125.56
0.004,1.0,125.58
0.0025,1.0,125.6
0.0066,1.0,125.6
0.0056,1.0,125.61
0.0046,0.8468,125.62
0.008,0.8468,125.62
0.0061,0.8468,125.64
0.0022,0.8468,125.65
0.0036,0.8468,125.66
0.0035,0.8468,125.67
0.0049,0.8468,125.67
0.0048,0.8468,125.69
0.004,0.8468,125.68
0.003,0.8468,125.69
0.0077,0.8468,125.69
0.0062,0.8468,125.69
0.0048,0.8468,125.68
0.0037,0.8468,125.66
0.0024,0.8468,125.65
0.1215,0.8468,124.71
0.5167,0.8468,97.25
0.7536,0.8468,124.01
0.7542,0.4446,128.19
0.0463,0.4446,131.58
0.174,0.4446,152.35
0.0593,0.4446,152.59
0.0416,0.4446,152.54
0.0388,0.4446,152.54
0.0358,0.4446,152.51
0.0402,0.4446,152.54
0.0463,0.4446,152.55
0.0334,0.4711,152.54
0.0371,0.4711,152.59
0.0402,0.4711,152.59
0.0292,0.4711,152.65
0.0343,0.4711,152.6
0.0456,0.4711,152.6
0.0439,0.4711,152.59
0.0409,0.4711,152.65
0.0392,0.4711,152.64
0.036,0.4706,152.63
0.0361,0.4706,152.71
0.035,0.4706,152.69
0.0323,0.4706,152.72
0.0351,0.4706,152.74
0.0434,0.4706,152.8
0.0482,0.4706,152.81
0.037,0.4706,152.83
0.0447,0.4706,152.81
0.0353,0.4718,152.85
0.0361,0.4718,152.84
0.0323,0.4718,152.84
0.0364,0.4718,152.88
0.0389,0.4718,152.9
0.0324,0.4718,152.87
0.7689,0.4718,211.46
0.2104,0.4718,157.17
0.0697,0.4718,124.97
0.1958,0.7428,120.83
0.1141,0.7428,118.48
0.0044,0.7428,118.5
0.0172,0.7428,118.49
0.0078,0.7428,118.52
0.0056,0.7428,118.51
0.0036,0.7428,118.52
0.0035,0.7428,118.53
0.0044,0.7428,118.54
0.0048,0.7375,118.52
0.0042,0.7375,118.53
0.0024,0.7375,118.53
0.0033,0.7375,118.53
0.0045,0.7375,118.55
0.0051,0.7375,118.52
0.1915,0.7375,118.6
0.2088,0.7375,80.25
0.4038,0.7375,94.78
0.4185,0.4753,99.21
0.2748,0.4753,103.34
0.2273,0.4753,108.56
0.0257,0.4753,116.81
0.0342,0.4753,123.23
0.0196,0.4753,123.39
0.0251,0.4753,123.45
0.0198,0.4753,123.47
0.017,0.4753,123.46
0.0199,0.4662,123.42
0.02,0.4662,123.44
0.027,0.4662,123.48
0.0258,0.4662,123.52
0.0247,0.4662,123.52
0.0178,0.4662,123.51
0.0204,0.4662,123.48
0.0227,0.4662,123.46
0.0249,0.4662,123.34
0.8301,0.5139,125.9
0.6858,0.5139,164.98
0.6042,0.5139,149.47
0.4557,0.5139,145.89
0.387,0.5139,139.19
0.1547,0.5139,126.37
0.2118,0.5139,126.73
0.0088,0.5139,126.77
0.0134,0.5139,126.79
0.021,0.6935,126.83
0.0478,0.6935,126.9
0.01,0.6935,126.89
0.0126,0.6935,126.59
0.1865,0.6935,105.54
0.3872,0.6935,133.26
0.3864,0.6935,122.87
0.3251,0.6935,124.74
0.2376,0.6935,125.09
0.3503,0.6288,120.76
0.3956,0.6288,121.25
0.2992,0.6288,118.07
0.3244,0.6288,108.9
0.3488,0.6288,141.16
0.5815,0.6288,139.31
0.6756,0.6288,141.84
0.6464,0.6288,135.69
0.0,1.0,206.64
0.0527,1.0,163.41
0.0408,1.0,135.96
0.0114,1.0,135.95
0.0097,1.0,135.98
0.0082,1.0,135.99
0.0062,1.0,136.0
0.0103,1.0,136.01
0.0082,0.8489,136.01
0.0063,0.8489,136.02
0.0096,0.8489,136.05
0.0098,0.8489,136.04
0.0126,0.8489,136.06
0.0082,0.8489,136.04
0.0093,0.8489,135.96
0.1967,0.8489,95.02
0.5307,0.8489,86.85
0.5473,0.3923,87.43
0.2846,0.3923,87.41
0.0922,0.3923,87.32
0.018,0.3923,87.29
0.0198,0.3923,87.3
0.0143,0.3923,87.0
0.0072,0.3923,87.0
0.0104,0.3923,87.01
0.012,0.3923,86.97
0.0109,0.3876,86.97
0.0121,0.3876,86.93
0.0092,0.3876,86.95
0.018,0.3876,86.91
0.012,0.3876,86.92
0.0136,0.3876,86.91
0.0102,0.3876,86.91
0.5486,0.3876,86.6
0.1287,0.3876,87.2
0.0139,0.3874,87.22
0.0236,0.3874,87.19
0.036,0.3874,86.87
0.5413,0.3874,83.63
0.4405,0.3874,88.04
0.1976,0.3874,80.83
0.1533,0.3874,87.74
0.1705,0.3874,93.16
0.3608,0.3874,93.16
0.3044,0.4062,93.19
0.2712,0.4062,94.92
0.0,1.0,215.33
0.1131,1.0,174.12
0.1093,1.0,123.19
0.022,1.0,116.93
0.0115,1.0,116.97
0.0125,1.0,117.02
0.01,1.0,117.06
0.0097,1.0,117.11
0.0109,0.7268,117.12
0.0094,0.7268,117.15
0.0116,0.7268,117.17
0.0106,0.7268,117.17
0.0103,0.7268,117.22
0.0096,0.7268,117.31
0.0106,0.7268,117.3
0.0143,0.7268,117.14
0.0066,0.7268,116.74
0.3631,0.6106,113.08
0.4551,0.6106,122.24
0.7132,0.6106,112.07
0.7017,0.6106,108.89
0.6942,0.6106,107.74
0.333,0.6106,107.4
0.0215,0.6106,107.29
0.4762,0.6106,107.42
0.5584,0.6106,107.35
0.6701,0.4261,107.24
0.6601,0.4261,106.53
0.7083,0.4261,105.56
0.0199,0.4261,105.42
0.0234,0.4261,105.53
0.683,0.4261,105.69
0.6925,0.4261,105.25
0.0232,0.4261,105.47
0.0192,0.4261,105.43
0.6901,0.4203,105.44
0.6881,0.4203,105.67
0.6898,0.4203,105.98
0.6762,0.4203,105.9
0.0244,0.4203,106.22
0.4931,0.4203,105.55
0.1906,0.4203,105.41
0.0236,0.4203,105.81
0.7197,0.4203,106.42
0.744,0.4801,109.27
0.5757,0.4801,174.14
0.5269,0.4801,163.65
0.4023,0.4801,123.07
0.4884,0.4801,120.76
0.323,0.4801,121.09
0.344,0.4801,121.3
0.2229,0.4801,121.21
0.3126,0.4801,121.42
0.0238,0.6014,121.44
0.3189,0.6014,121.17
0.2876,0.6014,121.4
0.3012,0.6014,121.6
0.016,0.6014,121.58
0.0234,0.6014,121.54
0.2607,0.6014,121.42
0.0207,0.6014,121.46
0.0311,0.6014,121.41
0.3928,0.6729,129.77
0.1393,0.6729,113.61
0.0936,0.6729,114.17
0.0669,0.6729,115.23
0.0532,0.6729,115.63
0.0424,0.6729,115.43
0.0437,0.6729,115.33
0.0145,0.6729,115.27
0.0403,0.6729,115.34
0.0455,0.6183,115.49
0.0721,0.6183,121.48
0.1369,0.6183,107.02
0.3058,0.6183,108.79
0.2774,0.6183,107.86
0.4032,0.6183,119.33
0.333,0.6183,119.45
0.3363,0.6183,119.73
0.3174,0.6183,120.2
0.2981,0.6483,120.52
0.3083,0.6483,119.0
0.328,0.6483,123.59
0.2807,0.6483,127.8
0.2802,0.6483,128.53
0.2217,0.6483,128.71
0.201,0.6483,128.7
0.212,0.6483,128.86
0.2138,0.6483,116.15
0.218,0.6793,147.66
0.2575,0.6793,104.07
0.5234,0.6793,131.45
0.4981,0.6793,150.97
0.2573,0.6793,124.51
0.0881,0.6793,132.43
0.0029,0.6793,132.41
0.0047,0.6793,132.42
0.0053,0.6793,132.41
0.2206,0.6598,132.59
0.3883,0.6598,95.67
0.5951,0.6598,105.47
0.5836,0.6598,99.59
0.3106,0.6598,103.91
0.4039,0.6598,105.76
0.343,0.6598,119.72
0.1117,0.6598,119.47
0.6004,0.6598,119.39
0.6202,0.4078,119.38
0.6211,0.4078,119.45
0.5483,0.4078,119.39
0.0269,0.4078,119.05
0.5388,0.4078,119.0
0.6273,0.4078,119.08
0.6392,0.4078,119.02
0.6417,0.4078,119.05
0.6195,0.4078,118.37
0.6296,0.4484,118.85
0.4537,0.4484,166.08
0.5512,0.4484,137.32
0.6113,0.4484,130.46
0.0,1.0,180.43
0.0854,1.0,139.16
0.0382,1.0,112.86
0.0095,1.0,112.82
0.0062,1.0,112.83
0.0084,1.0,112.85
0.0082,1.0,112.86
0.0109,1.0,112.86
0.0106,0.8285,112.86
0.0084,0.8285,112.87
0.0077,0.8285,112.87
0.0059,0.8285,112.87
0.0139,0.8285,112.87
0.0091,0.8285,112.87
0.0044,0.8285,112.85
0.0097,0.8285,112.89
0.0056,0.8285,112.81
0.008,0.8283,112.79
0.0045,0.8283,112.67
0.0045,0.8283,112.58
0.0062,0.8283,112.52
0.011,0.8283,112.37
0.2993,0.8283,94.85
0.3884,0.8283,118.36
0.8044,0.8283,117.29
0.7763,0.8283,111.73
0.7633,0.481,111.23
0.6208,0.481,111.75
0.032,0.481,112.0
0.0172,0.481,112.21
0.0129,0.481,112.35
0.0178,0.481,112.01
0.0141,0.481,111.77
0.014,0.481,111.78
0.0149,0.481,111.71
0.0102,0.4748,111.68
0.0123,0.4748,111.88
0.0146,0.4748,112.0
0.0166,0.4748,111.97
0.0139,0.4748,112.1
0.0112,0.4748,112.07
0.1271,0.4748,107.08
0.1588,0.4748,103.36
0.1159,0.4748,99.51
0.3479,0.3905,93.74
0.7908,0.3905,136.04
0.7886,0.3905,198.52
0.8045,0.3905,146.13
0.7558,0.3905,144.24
0.0,1.0,201.62
0.1102,1.0,160.31
0.061,1.0,114.22
0.0118,1.0,114.12
0.0077,1.0,114.12
0.0114,1.0,114.08
0.0109,1.0,114.09
0.0079,1.0,114.08
0.0079,0.7717,114.1
0.0072,0.7717,114.11
0.0113,0.7717,114.07
0.0084,0.7717,114.08
0.0108,0.7717,114.09
0.0122,0.7717,114.01
0.007,0.7717,113.99
0.0084,0.7717,113.97
0.0116,0.7717,113.96
0.2093,0.7151,113.67
0.1751,0.7151,113.8
0.089,0.7151,113.74
0.2077,0.7151,114.01
0.1967,0.7151,113.82
0.3469,0.7151,82.5
0.4458,0.7151,127.09
0.6284,0.7151,122.21
0.6837,0.7151,119.52
0.6933,0.4715,123.21
0.7031,0.4715,121.75
0.7029,0.4715,124.02
0.6791,0.4715,124.22
0.5444,0.4715,124.15
0.7052,0.4715,124.73
0.6904,0.4715,123.91
0.6931,0.4715,123.72
0.706,0.4715,122.75
0.0352,0.4634,122.88
0.7341,0.4634,124.14
0.5085,0.4634,200.87
0.4881,0.4634,210.84
0.4176,0.4634,210.52
0.3046,0.4634,166.01
0.3334,0.4634,123.97
0.0502,0.4634,119.25
0.015,0.4634,119.34
0.0204,0.6461,119.36
0.0119,0.6461,119.28
0.0136,0.6461,119.2
0.0,1.0,122.27
0.012,1.0,122.34
0.0119,1.0,122.34
0.0088,1.0,122.35
0.0127,1.0,122.25
0.009,1.0,122.27
0.0089,1.0,122.38
0.0109,1.0,122.49
0.0138,0.954,122.56
0.0104,0.954,122.59
0.0089,0.954,122.56
0.0075,0.954,122.61
0.0111,0.954,122.55
0.0098,0.954,122.62
0.0131,0.954,122.57
0.0108,0.954,122.58
0.0143,0.954,122.49
0.0124,0.9539,122.48
0.3916,0.9539,108.97
0.7659,0.9539,118.91
0.8219,0.9539,121.65
0.0559,0.9539,121.71
0.6374,0.9539,121.53
0.0065,0.9539,121.52
0.5624,0.9539,121.63
0.6533,0.9539,121.28
0.007,0.4695,121.35
0.5084,0.4695,121.39
0.6034,0.4695,121.27
0.0976,0.4695,121.36
0.0214,0.4695,121.34
0.6541,0.4695,121.62
0.0166,0.4695,121.56
0.6051,0.4695,121.5
0.7167,0.4695,121.36
0.733,0.5879,125.52
0.2546,0.5879,237.76
0.2317,0.5879,174.63
0.3837,0.5879,107.04
0.5391,0.5879,105.16
0.0,1.0,191.5
0.0908,1.0,150.11
0.0542,1.0,115.2
0.0089,1.0,115.2
0.0065,1.0,115.2
0.0094,1.0,115.2
0.0078,1.0,115.17
0.0095,1.0,115.19
0.0086,0.8083,115.22
0.0065,0.8083,115.22
0.0099,0.8083,115.18
0.0086,0.8083,115.22
0.0109,0.8083,115.25
0.0119,0.8083,115.03
0.0097,0.8083,114.84
0.009,0.8083,114.85
0.0096,0.8083,114.81
0.2645,0.6064,105.48
0.2735,0.6064,124.49
0.5957,0.6064,122.61
0.156,0.6064,121.68
0.8559,0.6064,121.0
0.0374,0.6064,121.39
0.0086,0.6064,121.42
0.0129,0.6064,121.37
0.0097,0.6064,121.36
0.0087,0.4569,121.39
0.0084,0.4569,121.36
0.0076,0.4569,121.34
0.008,0.4569,121.45
0.0081,0.4569,121.47
0.0059,0.4569,121.46
0.01,0.4569,121.5
0.0093,0.4569,121.46
0.0061,0.4569,121.46
0.0088,0.4587,121.48
0.0108,0.4587,121.47
0.0072,0.4587,121.47
0.007,0.4587,121.49
0.009,0.4587,121.41
0.0105,0.4587,121.44
0.0096,0.4587,121.41
0.0097,0.4587,121.43
0.0103,0.4587,121.36
0.0126,0.459,121.41
0.0113,0.459,121.36
0.0085,0.459,121.34
0.0093,0.459,121.35
0.0093,0.459,121.4
0.0115,0.459,121.47
0.024,0.459,120.3
0.8206,0.459,117.17
0.5894,0.459,200.89
0.4602,0.7061,150.18
0.0,1.0,160.55
0.2668,1.0,160.57
0.3511,1.0,161.07
0.3124,1.0,161.63
0.1318,1.0,161.8
0.0178,1.0,161.78
0.0202,0.8486,161.75
0.0242,0.8486,161.71
0.0145,0.8486,161.7
0.0143,0.8486,161.66
0.4484,0.8486,163.9
0.4126,0.8486,164.43
0.4628,0.8486,164.42
0.4601,0.8486,163.87
0.4563,0.8486,165.21
0.4507,0.651,162.06
0.4196,0.651,165.11
0.4201,0.651,160.89
0.4068,0.651,166.0
0.3931,0.651,165.36
0.3778,0.651,165.59
0.3923,0.651,164.75
0.3818,0.651,163.52
0.4039,0.651,162.76
0.4097,0.6996,163.11
0.3841,0.6996,160.86
0.3843,0.6996,161.19
0.4066,0.6996,163.2
0.4148,0.6996,161.84
0.404,0.6996,164.32
0.4049,0.6996,160.9
0.4083,0.6996,163.49
0.4223,0.6996,162.18
0.3616,0.7198,162.12
0.0257,0.7198,162.14
0.1536,0.7198,162.16
0.0175,0.7198,162.16
0.0155,0.7198,162.15
0.0113,0.7198,162.13
0.121,0.7198,162.09
0.4118,0.7198,157.19
0.3674,0.7198,34.11
0.0055,0.3774,41.58
0.0021,0.3774,42.41
0.0026,0.3774,42.9
0.0015,0.3774,43.03
0.0029,0.3774,43.49
0.0018,0.3774,43.71
0.0026,0.3774,44.03
0.101,0.3774,237.92
0.2406,0.3774,234.25
0.2961,0.6441,229.74
0.366,0.6441,217.77
0.4005,0.6441,200.14
0.4031,0.6441,181.5
0.3718,0.6441,170.68
0.337,0.6441,173.37
0.3116,0.6441,174.75
0.2161,0.6441,174.25
0.106,0.6916,174.1
0.0811,0.6916,173.97
0.1819,0.6916,173.84
0.3543,0.6916,173.85
0.3218,0.6916,173.66
0.3901,0.6916,172.95
0.3504,0.6916,201.37
0.1196,0.6916,195.54
0.2751,0.5926,151.72
0.1938,0.5926,130.58
0.1657,0.5926,130.67
0.101,0.5926,130.67
0.1714,0.5926,131.02
0.047,0.5926,131.04
0.0995,0.5926,131.09
0.0863,0.5926,131.08
0.0883,0.5926,131.11
0.1064,0.56,131.16
0.1102,0.56,131.12
0.0211,0.56,131.16
0.0328,0.56,131.13
0.0237,0.56,131.14
0.098,0.56,131.16
0.0315,0.56,131.17
0.054,0.56,131.18
0.0849,0.56,131.17
0.0916,0.5605,131.2
0.1704,0.5605,131.05
0.1002,0.5605,131.15
0.029,0.5605,131.15
0.0841,0.5605,131.04
0.1005,0.5605,131.09
0.0389,0.5605,131.13
0.078,0.5605,131.12
0.0795,0.5605,131.1
0.0257,0.5601,131.1
0.0957,0.5601,131.13
0.0982,0.5601,131.06
0.1695,0.5601,131.27
0.173,0.5601,131.75
0.3356,0.5601,90.04
0.3211,0.5601,77.09
0.5067,0.5601,76.91
0.4668,0.5601,113.73
0.4872,0.5046,117.53
0.4495,0.5046,119.33
0.459,0.5046,120.88
0.4196,0.5046,121.43
0.4189,0.5046,121.69
0.0714,0.5046,121.54
0.4722,0.5046,125.05
0.1736,0.5046,125.39
0.0532,0.5046,125.47
0.3268,0.5327,125.91
0.4253,0.5327,127.0
0.039,0.5327,127.16
0.0232,0.5327,127.0
0.0177,0.5327,126.87
0.2478,0.5327,126.84
0.4266,0.5327,128.18
0.4292,0.5327,131.19
0.4277,0.5327,133.2
0.1805,0.5576,132.81
0.3241,0.5576,133.15
0.235,0.5576,136.77
0.2771,0.5576,136.82
0.4431,0.5576,137.1
0.4292,0.5576,139.16
0.372,0.5576,138.31
0.43,0.5576,136.47
0.3899,0.5576,135.3
0.4161,0.5563,136.17
0.4584,0.5563,140.8
0.404,0.5563,142.42
0.6535,0.5563,107.85
0.6331,0.5563,141.25
0.6377,0.5563,126.91
0.6578,0.5563,82.04
0.9065,0.5563,93.57
0.9838,0.3815,102.0
0.9867,0.3815,107.45
0.9766,0.3815,107.39
0.9948,0.3815,105.73
0.9237,0.3815,106.35
0.9954,0.3815,106.38
0.7925,0.3815,106.23
0.9895,0.3815,106.78
0.9971,0.3735,107.08
0.9967,0.3735,107.1
0.9942,0.3735,106.73
0.955,0.3735,108.19
0.6585,0.3735,108.02
0.9976,0.3735,107.94
0.6094,0.3735,107.74
0.9757,0.3735,109.05
0.9933,0.3735,107.21
0.9965,0.384,107.38
0.9459,0.384,107.96
0.9562,0.384,232.0
0.5001,0.384,206.7
0.5053,0.384,206.87
0.596,0.384,208.41
0.5185,0.384,207.56
0.4639,0.384,197.74
0.4743,0.5842,195.02
0.4712,0.5842,196.18
0.365,0.5842,196.07
0.2015,0.5842,195.72
0.0486,0.5842,195.68
0.428,0.5842,195.56
0.3663,0.5842,196.1
0.4762,0.5842,193.66
0.8227,0.4248,77.14
0.9503,0.4248,137.39
0.931,0.4248,126.38
0.9693,0.4248,119.73
0.9888,0.4248,122.17
0.9724,0.4248,123.42
0.9494,0.4248,125.41
0.979,0.4248,126.69
0.9273,0.4248,128.33
0.9686,0.5967,213.97
0.6093,0.5967,212.12
0.5878,0.5967,204.2
0.5481,0.5967,186.89
0.6017,0.5967,181.97
0.0,1.0,107.13
0.1385,1.0,114.11
0.1566,1.0,115.25
0.4075,1.0,113.81
0.3359,1.0,132.51
0.3663,1.0,130.71
0.3655,0.6023,129.9
0.3225,0.6023,129.47
0.283,0.6023,129.32
0.3818,0.6023,130.45
0.3496,0.6023,137.47
0.2469,0.6023,136.66
0.3323,0.6023,129.86
0.3954,0.6023,126.41
0.3701,0.6013,128.35
0.3628,0.6013,134.96
0.2592,0.6013,135.81
0.3387,0.6013,129.55
0.3839,0.6013,127.91
0.3713,0.6013,131.46
0.3239,0.6013,138.68
0.28,0.6013,135.67
0.3605,0.6042,129.73
0.2299,0.6042,129.33
0.3322,0.6042,130.24
0.2669,0.6042,130.78
0.2544,0.6042,131.44
0.1384,0.6042,131.37
0.167,0.6042,131.33
0.219,0.6042,131.15
0.3724,0.6051,130.89
0.4154,0.6051,130.33
0.4233,0.6051,130.07
0.4,0.6051,138.16
0.3284,0.6051,141.08
0.3832,0.6051,127.21
0.3989,0.6051,125.41
0.2784,0.6051,125.42
0.303,0.6037,126.15
0.0,1.0,135.81
0.4055,1.0,151.48
0.4263,1.0,149.4
0.4264,1.0,147.71
0.42,1.0,150.79
0.2821,1.0,151.09
0.3878,1.0,153.32
0.398,0.6841,154.76
0.3586,0.6841,154.12
0.3192,0.6841,153.72
0.2383,0.6841,153.73
0.4011,0.6841,152.71
0.3438,0.6841,152.29
0.3173,0.6841,151.84
0.3906,0.6841,153.24
0.4069,0.6873,154.59
0.4286,0.6873,152.14
0.4968,0.6873,144.02
0.4345,0.6873,139.95
0.4443,0.6873,139.91
0.3583,0.6873,140.23
0.3263,0.6873,140.38
0.2175,0.6873,140.5
0.3319,0.6241,139.9
0.4187,0.6241,140.57
0.2872,0.6241,139.86
0.3548,0.6241,139.26
0.0,1.0,143.36
0.4488,1.0,156.83
0.3682,1.0,149.02
0.317,1.0,148.58
0.3312,1.0,147.85
0.3813,1.0,147.81
0.3497,1.0,150.25
0.2459,0.6801,150.15
0.2813,0.6801,148.71
0.266,0.6801,147.82
0.2536,0.6801,147.53
0.2233,0.6801,147.51
0.1761,0.6801,147.49
0.1733,0.6801,147.49
0.2592,0.6801,147.27
0.3927,0.6512,145.46
0.38,0.6512,145.37
0.4285,0.6512,146.89
0.3832,0.6512,149.33
0.294,0.6512,148.77
0.3308,0.6512,144.46
0.2819,0.6512,143.65
0.2322,0.6512,143.98
0.1603,0.6737,144.06
0.2164,0.6737,144.07
0.1862,0.6737,144.36
0.3216,0.6737,142.51
0.2966,0.6737,142.35
0.2773,0.6737,142.22
0.2564,0.6737,142.25
0.2455,0.6737,142.59
0.4039,0.6631,140.98
0.295,0.6631,141.25
0.0,1.0,144.66
0.1262,1.0,156.16
0.2116,1.0,156.91
0.2751,1.0,151.13
0.3014,1.0,152.97
0.2305,1.0,153.45
0.2778,0.7412,152.91
0.2699,0.7412,151.8
0.2167,0.7412,152.25
0.1955,0.7412,153.02
0.1693,0.7412,153.05
0.0728,0.7412,153.08
0.2123,0.7412,153.49
0.1889,0.7412,153.21
0.2073,0.7521,152.97
0.1671,0.7521,153.03
0.1236,0.7521,153.01
0.0502,0.7521,152.98
0.0778,0.7521,152.95
0.0672,0.7521,153.08
0.0728,0.7521,153.12
0.224,0.7521,152.56
0.3372,0.7297,151.68
0.1778,0.7297,151.85
0.2869,0.7297,152.08
0.3078,0.7297,152.21
0.2793,0.7297,149.31
0.3785,0.7297,140.38
0.3306,0.7297,138.75
0.2537,0.7297,139.14
0.3927,0.6588,138.46
0.3694,0.6588,138.45
0.3984,0.6588,139.06
0.2466,0.6588,139.17
0.1844,0.6588,139.41
0.0875,0.6588,139.45
0.1299,0.6588,139.53
0.2671,0.6588,139.37
0.4422,0.6478,132.9
0.4911,0.6478,129.44
0.2188,0.6478,126.29
0.2045,0.6478,126.29
0.2505,0.6478,129.66
0.2275,0.6478,129.78
0.2191,0.6478,129.94
0.3036,0.6478,132.87
0.2282,0.6423,132.15
0.3085,0.6423,125.84
0.2743,0.6423,123.41
0.2583,0.6423,125.2
0.2048,0.6423,124.65
0.4518,0.6423,80.23
0.2145,0.6423,21.42
0.0002,0.6423,36.63
0.0015,0.4325,40.64
0.0012,0.4325,42.05
0.0024,0.4325,43.26
0.0015,0.4325,44.41
0.0019,0.4325,45.43
0.0026,0.4325,46.16
0.0913,0.4325,213.46
0.2302,0.4325,218.19
0.2601,0.6401,215.74
0.2333,0.6401,207.5
0.1686,0.6401,205.31
0.2612,0.6401,205.26
0.2528,0.6401,205.46
0.1932,0.6401,205.99
0.1756,0.6401,205.64
0.0896,0.6401,205.61
0.2026,0.6422,206.04
0.2537,0.6422,206.19
0.2643,0.6422,207.03
0.2092,0.6422,206.77
0.3021,0.6422,199.04
0.3295,0.6422,141.59
0.5856,0.6422,142.13
0.3771,0.6422,135.23
0.5294,0.4167,102.09
0.4495,0.4167,83.49
0.2405,0.4167,78.67
0.1972,0.4167,89.33
0.3058,0.4167,79.51
0.2354,0.4167,93.95
0.3316,0.4167,62.86
0.3031,0.4167,200.9
0.3615,0.6783,192.2
0.3315,0.6783,171.67
0.4086,0.6783,165.34
0.3995,0.6783,151.45
0.3589,0.6783,153.64
0.3374,0.6783,159.67
0.2027,0.6783,160.91
0.211,0.6783,159.4
0.2643,0.6926,157.52
0.2147,0.6926,156.48
0.1766,0.6926,156.33
0.212,0.6926,148.21
0.0,1.0,152.35
0.2338,1.0,164.83
0.2235,1.0,165.37
0.1963,1.0,165.16
0.1307,1.0,164.78
0.1457,1.0,164.2
0.2421,1.0,163.72
0.1554,0.8188,163.28
0.3649,0.8188,178.08
0.381,0.8188,143.29
0.3378,0.8188,142.77
0.3563,0.8188,140.04
0.0,1.0,157.41
0.4275,1.0,145.83
0.2524,1.0,144.54
0.2886,1.0,141.76
0.3264,1.0,142.79
0.3721,1.0,150.52
0.368,0.6711,143.81
0.3485,0.6711,151.09
0.3444,0.6711,143.65
0.3252,0.6711,146.19
0.0,1.0,184.89
0.1155,1.0,121.28
0.0222,1.0,121.08
0.0147,1.0,121.11
0.0189,1.0,121.11
0.0186,1.0,121.12
0.011,0.8187,121.13
0.0128,0.8187,121.13
0.0152,0.8187,121.15
0.0146,0.8187,121.15
0.0109,0.8187,121.14
0.018,0.8187,121.15
0.0141,0.8187,121.16
0.014,0.8187,121.19
0.012,0.8189,121.18
0.0154,0.8189,121.16
0.0194,0.8189,121.19
0.0157,0.8189,121.13
0.0141,0.8189,120.89
0.0148,0.8189,120.3
0.2553,0.8189,31.15
0.0089,0.8189,46.09
0.0058,0.3898,48.01
0.0023,0.3898,47.97
0.0039,0.3898,47.95
0.0054,0.3898,47.98
0.0039,0.3898,47.88
0.0042,0.3898,48.08
0.0061,0.3898,48.46
0.0041,0.3898,48.78
0.0072,0.3898,48.98
0.0046,0.3982,49.2
0.0046,0.3982,48.81
0.0127,0.3982,225.41
0.0308,0.3982,250.13
0.1331,0.3982,241.16
0.2171,0.3982,204.94
0.2212,0.3982,154.45
0.27,0.3982,110.59
0.0151,0.7333,110.34
0.0142,0.7333,110.31
0.0228,0.7333,110.29
0.0108,0.7333,110.3
0.01,0.7333,110.27
0.0095,0.7333,110.27
0.0085,0.7333,110.34
0.0109,0.7333,110.38
0.0146,0.7481,110.32
0.0118,0.7481,110.31
0.0096,0.7481,110.31
0.0073,0.7481,110.17
0.0126,0.7481,110.25
0.0466,0.7481,98.47
0.4295,0.7481,144.41
0.4108,0.7481,142.34
0.2754,0.5592,88.64
0.4188,0.5592,165.91
0.3875,0.5592,161.71
0.2574,0.5592,119.47
0.0732,0.5592,116.23
0.0263,0.5592,116.45
0.065,0.5592,109.56
0.0725,0.5592,118.21
0.0147,0.7704,118.21
0.0338,0.7704,116.69
0.3484,0.7704,76.2
0.4054,0.7704,148.71
0.2528,0.7704,113.12
0.3042,0.7704,107.63
0.434,0.7704,170.58
0.331,0.7704,159.01
0.2405,0.6429,103.57
0.3911,0.6429,153.92
0.3866,0.6429,134.5
0.3789,0.6429,125.97
0.5088,0.6429,159.25
0.4899,0.6429,155.71
0.2514,0.6429,125.04
0.0245,0.6429,125.24
0.02,0.8197,125.3
0.0152,0.8197,125.27
0.0133,0.8197,125.27
0.0168,0.8197,125.25
0.0189,0.8197,124.19
0.0643,0.8197,120.24
0.1749,0.8197,92.23
0.4186,0.8197,135.23
0.2832,0.6623,133.55
0.5453,0.6623,153.19
0.4084,0.6623,171.14
0.2494,0.6623,114.07
0.268,0.6623,91.04
0.3956,0.6623,157.82
0.273,0.6623,128.55
0.4759,0.6623,160.7
0.4144,0.8012,188.56
0.2805,0.8012,142.54
0.1006,0.8012,119.72
0.0199,0.8012,120.21
0.0077,0.8012,120.2
0.0154,0.8012,120.26
0.0165,0.8012,120.19
0.0117,0.8012,120.17
0.011,0.7845,120.19
0.0109,0.7845,120.21
0.0138,0.7845,120.2
0.0169,0.7845,120.13
0.011,0.7845,119.89
0.0091,0.7845,119.19
0.3872,0.7845,92.43
0.3033,0.7845,106.73
0.3885,0.5363,113.05
0.0985,0.5363,118.34
0.447,0.5363,119.61
0.0297,0.5363,126.55
0.0336,0.5363,130.87
0.0233,0.5363,130.51
0.0303,0.5363,130.56
0.0303,0.5363,130.63
0.0269,0.4714,130.47
0.0255,0.4714,130.42
0.0323,0.4714,130.45
0.0333,0.4714,130.4
0.0276,0.4714,130.51
0.0267,0.4714,130.39
0.031,0.4714,130.34
0.0309,0.4714,130.07
0.0401,0.4701,129.91
0.7908,0.4701,130.99
0.6214,0.4701,163.32
0.4582,0.4701,159.1
0.3935,0.4701,118.07
0.3081,0.4701,117.63
0.3032,0.4701,119.64
0.0652,0.4701,110.03
0.2991,0.4783,87.97
0.2749,0.4783,105.01
0.4862,0.4783,129.54
0.4879,0.4783,144.86
0.5432,0.4783,170.73
